Item,Title,csv
AirPassengers,Monthly Airline Passenger Numbers 1949-1960,https://raw.github.com/vincentarelbundock/Rdatasets/master/csv/datasets/AirPassengers.csv
BJsales,Sales Data with Leading Indicator,https://raw.github.com/vincentarelbundock/Rdatasets/master/csv/datasets/BJsales.csv
BOD,Biochemical Oxygen Demand,https://raw.github.com/vincentarelbundock/Rdatasets/master/csv/datasets/BOD.csv
Formaldehyde,Determination of Formaldehyde,https://raw.github.com/vincentarelbundock/Rdatasets/master/csv/datasets/Formaldehyde.csv
HairEyeColor,Hair and Eye Color of Statistics Students,https://raw.github.com/vincentarelbundock/Rdatasets/master/csv/datasets/HairEyeColor.csv
InsectSprays,Effectiveness of Insect Sprays,https://raw.github.com/vincentarelbundock/Rdatasets/master/csv/datasets/InsectSprays.csv
JohnsonJohnson,Quarterly Earnings per Johnson & Johnson Share,https://raw.github.com/vincentarelbundock/Rdatasets/master/csv/datasets/JohnsonJohnson.csv
LakeHuron,Level of Lake Huron 1875-1972,https://raw.github.com/vincentarelbundock/Rdatasets/master/csv/datasets/LakeHuron.csv
LifeCycleSavings,Intercountry Life-Cycle Savings Data,https://raw.github.com/vincentarelbundock/Rdatasets/master/csv/datasets/LifeCycleSavings.csv
Nile,Flow of the River Nile,https://raw.github.com/vincentarelbundock/Rdatasets/master/csv/datasets/Nile.csv
OrchardSprays,Potency of Orchard Sprays,https://raw.github.com/vincentarelbundock/Rdatasets/master/csv/datasets/OrchardSprays.csv
PlantGrowth,Results from an Experiment on Plant Growth,https://raw.github.com/vincentarelbundock/Rdatasets/master/csv/datasets/PlantGrowth.csv
Puromycin,Reaction Velocity of an Enzymatic Reaction,https://raw.github.com/vincentarelbundock/Rdatasets/master/csv/datasets/Puromycin.csv
Titanic,Survival of passengers on the Titanic,https://raw.github.com/vincentarelbundock/Rdatasets/master/csv/datasets/Titanic.csv
ToothGrowth,The Effect of Vitamin C on Tooth Growth in Guinea Pigs,https://raw.github.com/vincentarelbundock/Rdatasets/master/csv/datasets/ToothGrowth.csv
UCBAdmissions,Student Admissions at UC Berkeley,https://raw.github.com/vincentarelbundock/Rdatasets/master/csv/datasets/UCBAdmissions.csv
UKDriverDeaths,Road Casualties in Great Britain 1969-84,https://raw.github.com/vincentarelbundock/Rdatasets/master/csv/datasets/UKDriverDeaths.csv
UKgas,UK Quarterly Gas Consumption,https://raw.github.com/vincentarelbundock/Rdatasets/master/csv/datasets/UKgas.csv
USAccDeaths,Accidental Deaths in the US 1973-1978,https://raw.github.com/vincentarelbundock/Rdatasets/master/csv/datasets/USAccDeaths.csv
USArrests,Violent Crime Rates by US State,https://raw.github.com/vincentarelbundock/Rdatasets/master/csv/datasets/USArrests.csv
USJudgeRatings,Lawyers' Ratings of State Judges in the US Superior Court,https://raw.github.com/vincentarelbundock/Rdatasets/master/csv/datasets/USJudgeRatings.csv
USPersonalExpenditure,Personal Expenditure Data,https://raw.github.com/vincentarelbundock/Rdatasets/master/csv/datasets/USPersonalExpenditure.csv
VADeaths,Death Rates in Virginia (1940),https://raw.github.com/vincentarelbundock/Rdatasets/master/csv/datasets/VADeaths.csv
WWWusage,Internet Usage per Minute,https://raw.github.com/vincentarelbundock/Rdatasets/master/csv/datasets/WWWusage.csv
WorldPhones,The World's Telephones,https://raw.github.com/vincentarelbundock/Rdatasets/master/csv/datasets/WorldPhones.csv
airmiles,"Passenger Miles on Commercial US Airlines, 1937-1960",https://raw.github.com/vincentarelbundock/Rdatasets/master/csv/datasets/airmiles.csv
airquality,New York Air Quality Measurements,https://raw.github.com/vincentarelbundock/Rdatasets/master/csv/datasets/airquality.csv
anscombe,Anscombe's Quartet of 'Identical' Simple Linear Regressions,https://raw.github.com/vincentarelbundock/Rdatasets/master/csv/datasets/anscombe.csv
attenu,The Joyner-Boore Attenuation Data,https://raw.github.com/vincentarelbundock/Rdatasets/master/csv/datasets/attenu.csv
attitude,The Chatterjee-Price Attitude Data,https://raw.github.com/vincentarelbundock/Rdatasets/master/csv/datasets/attitude.csv
austres,Quarterly Time Series of the Number of Australian Residents,https://raw.github.com/vincentarelbundock/Rdatasets/master/csv/datasets/austres.csv
cars,Speed and Stopping Distances of Cars,https://raw.github.com/vincentarelbundock/Rdatasets/master/csv/datasets/cars.csv
chickwts,Chicken Weights by Feed Type,https://raw.github.com/vincentarelbundock/Rdatasets/master/csv/datasets/chickwts.csv
co2,Mauna Loa Atmospheric CO2 Concentration,https://raw.github.com/vincentarelbundock/Rdatasets/master/csv/datasets/co2.csv
crimtab,Student's 3000 Criminals Data,https://raw.github.com/vincentarelbundock/Rdatasets/master/csv/datasets/crimtab.csv
discoveries,Yearly Numbers of Important Discoveries,https://raw.github.com/vincentarelbundock/Rdatasets/master/csv/datasets/discoveries.csv
esoph,"Smoking, Alcohol and (O)esophageal Cancer",https://raw.github.com/vincentarelbundock/Rdatasets/master/csv/datasets/esoph.csv
euro,Conversion Rates of Euro Currencies,https://raw.github.com/vincentarelbundock/Rdatasets/master/csv/datasets/euro.csv
faithful,Old Faithful Geyser Data,https://raw.github.com/vincentarelbundock/Rdatasets/master/csv/datasets/faithful.csv
freeny,Freeny's Revenue Data,https://raw.github.com/vincentarelbundock/Rdatasets/master/csv/datasets/freeny.csv
infert,Infertility after Spontaneous and Induced Abortion,https://raw.github.com/vincentarelbundock/Rdatasets/master/csv/datasets/infert.csv
iris,Edgar Anderson's Iris Data,https://raw.github.com/vincentarelbundock/Rdatasets/master/csv/datasets/iris.csv
islands,Areas of the World's Major Landmasses,https://raw.github.com/vincentarelbundock/Rdatasets/master/csv/datasets/islands.csv
lh,Luteinizing Hormone in Blood Samples,https://raw.github.com/vincentarelbundock/Rdatasets/master/csv/datasets/lh.csv
longley,Longley's Economic Regression Data,https://raw.github.com/vincentarelbundock/Rdatasets/master/csv/datasets/longley.csv
lynx,Annual Canadian Lynx trappings 1821-1934,https://raw.github.com/vincentarelbundock/Rdatasets/master/csv/datasets/lynx.csv
morley,Michelson Speed of Light Data,https://raw.github.com/vincentarelbundock/Rdatasets/master/csv/datasets/morley.csv
mtcars,Motor Trend Car Road Tests,https://raw.github.com/vincentarelbundock/Rdatasets/master/csv/datasets/mtcars.csv
nhtemp,Average Yearly Temperatures in New Haven,https://raw.github.com/vincentarelbundock/Rdatasets/master/csv/datasets/nhtemp.csv
nottem,"Average Monthly Temperatures at Nottingham, 1920-1939",https://raw.github.com/vincentarelbundock/Rdatasets/master/csv/datasets/nottem.csv
npk,"Classical N, P, K Factorial Experiment",https://raw.github.com/vincentarelbundock/Rdatasets/master/csv/datasets/npk.csv
occupationalStatus,Occupational Status of Fathers and their Sons,https://raw.github.com/vincentarelbundock/Rdatasets/master/csv/datasets/occupationalStatus.csv
precip,Annual Precipitation in US Cities,https://raw.github.com/vincentarelbundock/Rdatasets/master/csv/datasets/precip.csv
presidents,Quarterly Approval Ratings of US Presidents,https://raw.github.com/vincentarelbundock/Rdatasets/master/csv/datasets/presidents.csv
pressure,Vapor Pressure of Mercury as a Function of Temperature,https://raw.github.com/vincentarelbundock/Rdatasets/master/csv/datasets/pressure.csv
quakes,Locations of Earthquakes off Fiji,https://raw.github.com/vincentarelbundock/Rdatasets/master/csv/datasets/quakes.csv
randu,Random Numbers from Congruential Generator RANDU,https://raw.github.com/vincentarelbundock/Rdatasets/master/csv/datasets/randu.csv
rivers,Lengths of Major North American Rivers,https://raw.github.com/vincentarelbundock/Rdatasets/master/csv/datasets/rivers.csv
rock,Measurements on Petroleum Rock Samples,https://raw.github.com/vincentarelbundock/Rdatasets/master/csv/datasets/rock.csv
sleep,Student's Sleep Data,https://raw.github.com/vincentarelbundock/Rdatasets/master/csv/datasets/sleep.csv
stackloss,Brownlee's Stack Loss Plant Data,https://raw.github.com/vincentarelbundock/Rdatasets/master/csv/datasets/stackloss.csv
sunspot.month,"Monthly Sunspot Data, from 1749 to ""Present""",https://raw.github.com/vincentarelbundock/Rdatasets/master/csv/datasets/sunspot.month.csv
sunspot.year,"Yearly Sunspot Data, 1700-1988",https://raw.github.com/vincentarelbundock/Rdatasets/master/csv/datasets/sunspot.year.csv
sunspots,"Monthly Sunspot Numbers, 1749-1983",https://raw.github.com/vincentarelbundock/Rdatasets/master/csv/datasets/sunspots.csv
swiss,Swiss Fertility and Socioeconomic Indicators (1888) Data,https://raw.github.com/vincentarelbundock/Rdatasets/master/csv/datasets/swiss.csv
treering,"Yearly Treering Data, -6000-1979",https://raw.github.com/vincentarelbundock/Rdatasets/master/csv/datasets/treering.csv
trees,"Girth, Height and Volume for Black Cherry Trees",https://raw.github.com/vincentarelbundock/Rdatasets/master/csv/datasets/trees.csv
uspop,Populations Recorded by the US Census,https://raw.github.com/vincentarelbundock/Rdatasets/master/csv/datasets/uspop.csv
volcano,Topographic Information on Auckland's Maunga Whau Volcano,https://raw.github.com/vincentarelbundock/Rdatasets/master/csv/datasets/volcano.csv
warpbreaks,The Number of Breaks in Yarn during Weaving,https://raw.github.com/vincentarelbundock/Rdatasets/master/csv/datasets/warpbreaks.csv
women,Average Heights and Weights for American Women,https://raw.github.com/vincentarelbundock/Rdatasets/master/csv/datasets/women.csv
acme,Monthly Excess Returns,https://raw.github.com/vincentarelbundock/Rdatasets/master/csv/boot/acme.csv
aids,Delay in AIDS Reporting in England and Wales,https://raw.github.com/vincentarelbundock/Rdatasets/master/csv/boot/aids.csv
aircondit,Failures of Air-conditioning Equipment,https://raw.github.com/vincentarelbundock/Rdatasets/master/csv/boot/aircondit.csv
aircondit7,Failures of Air-conditioning Equipment,https://raw.github.com/vincentarelbundock/Rdatasets/master/csv/boot/aircondit7.csv
amis,Car Speeding and Warning Signs,https://raw.github.com/vincentarelbundock/Rdatasets/master/csv/boot/amis.csv
aml,Remission Times for Acute Myelogenous Leukaemia,https://raw.github.com/vincentarelbundock/Rdatasets/master/csv/boot/aml.csv
bigcity,Population of U.S. Cities,https://raw.github.com/vincentarelbundock/Rdatasets/master/csv/boot/bigcity.csv
brambles,Spatial Location of Bramble Canes,https://raw.github.com/vincentarelbundock/Rdatasets/master/csv/boot/brambles.csv
breslow,Smoking Deaths Among Doctors,https://raw.github.com/vincentarelbundock/Rdatasets/master/csv/boot/breslow.csv
calcium,Calcium Uptake Data,https://raw.github.com/vincentarelbundock/Rdatasets/master/csv/boot/calcium.csv
cane,Sugar-cane Disease Data,https://raw.github.com/vincentarelbundock/Rdatasets/master/csv/boot/cane.csv
capability,Simulated Manufacturing Process Data,https://raw.github.com/vincentarelbundock/Rdatasets/master/csv/boot/capability.csv
catsM,Weight Data for Domestic Cats,https://raw.github.com/vincentarelbundock/Rdatasets/master/csv/boot/catsM.csv
cav,Position of Muscle Caveolae,https://raw.github.com/vincentarelbundock/Rdatasets/master/csv/boot/cav.csv
cd4,CD4 Counts for HIV-Positive Patients,https://raw.github.com/vincentarelbundock/Rdatasets/master/csv/boot/cd4.csv
channing,Channing House Data,https://raw.github.com/vincentarelbundock/Rdatasets/master/csv/boot/channing.csv
city,Population of U.S. Cities,https://raw.github.com/vincentarelbundock/Rdatasets/master/csv/boot/city.csv
claridge,Genetic Links to Left-handedness,https://raw.github.com/vincentarelbundock/Rdatasets/master/csv/boot/claridge.csv
cloth,Number of Flaws in Cloth,https://raw.github.com/vincentarelbundock/Rdatasets/master/csv/boot/cloth.csv
co.transfer,Carbon Monoxide Transfer,https://raw.github.com/vincentarelbundock/Rdatasets/master/csv/boot/co.transfer.csv
coal,Dates of Coal Mining Disasters,https://raw.github.com/vincentarelbundock/Rdatasets/master/csv/boot/coal.csv
darwin,Darwin's Plant Height Differences,https://raw.github.com/vincentarelbundock/Rdatasets/master/csv/boot/darwin.csv
dogs,Cardiac Data for Domestic Dogs,https://raw.github.com/vincentarelbundock/Rdatasets/master/csv/boot/dogs.csv
downs.bc,Incidence of Down's Syndrome in British Columbia,https://raw.github.com/vincentarelbundock/Rdatasets/master/csv/boot/downs.bc.csv
ducks,Behavioral and Plumage Characteristics of Hybrid Ducks,https://raw.github.com/vincentarelbundock/Rdatasets/master/csv/boot/ducks.csv
fir,Counts of Balsam-fir Seedlings,https://raw.github.com/vincentarelbundock/Rdatasets/master/csv/boot/fir.csv
frets,Head Dimensions in Brothers,https://raw.github.com/vincentarelbundock/Rdatasets/master/csv/boot/frets.csv
grav,Acceleration Due to Gravity,https://raw.github.com/vincentarelbundock/Rdatasets/master/csv/boot/grav.csv
gravity,Acceleration Due to Gravity,https://raw.github.com/vincentarelbundock/Rdatasets/master/csv/boot/gravity.csv
hirose,Failure Time of PET Film,https://raw.github.com/vincentarelbundock/Rdatasets/master/csv/boot/hirose.csv
islay,Jura Quartzite Azimuths on Islay,https://raw.github.com/vincentarelbundock/Rdatasets/master/csv/boot/islay.csv
manaus,Average Heights of the Rio Negro river at Manaus,https://raw.github.com/vincentarelbundock/Rdatasets/master/csv/boot/manaus.csv
melanoma,Survival from Malignant Melanoma,https://raw.github.com/vincentarelbundock/Rdatasets/master/csv/boot/melanoma.csv
motor,Data from a Simulated Motorcycle Accident,https://raw.github.com/vincentarelbundock/Rdatasets/master/csv/boot/motor.csv
neuro,Neurophysiological Point Process Data,https://raw.github.com/vincentarelbundock/Rdatasets/master/csv/boot/neuro.csv
nitrofen,Toxicity of Nitrofen in Aquatic Systems,https://raw.github.com/vincentarelbundock/Rdatasets/master/csv/boot/nitrofen.csv
nodal,Nodal Involvement in Prostate Cancer,https://raw.github.com/vincentarelbundock/Rdatasets/master/csv/boot/nodal.csv
nuclear,Nuclear Power Station Construction Data,https://raw.github.com/vincentarelbundock/Rdatasets/master/csv/boot/nuclear.csv
paulsen,Neurotransmission in Guinea Pig Brains,https://raw.github.com/vincentarelbundock/Rdatasets/master/csv/boot/paulsen.csv
poisons,Animal Survival Times,https://raw.github.com/vincentarelbundock/Rdatasets/master/csv/boot/poisons.csv
polar,Pole Positions of New Caledonian Laterites,https://raw.github.com/vincentarelbundock/Rdatasets/master/csv/boot/polar.csv
remission,Cancer Remission and Cell Activity,https://raw.github.com/vincentarelbundock/Rdatasets/master/csv/boot/remission.csv
salinity,Water Salinity and River Discharge,https://raw.github.com/vincentarelbundock/Rdatasets/master/csv/boot/salinity.csv
survival,Survival of Rats after Radiation Doses,https://raw.github.com/vincentarelbundock/Rdatasets/master/csv/boot/survival.csv
tau,Tau Particle Decay Modes,https://raw.github.com/vincentarelbundock/Rdatasets/master/csv/boot/tau.csv
tuna,Tuna Sighting Data,https://raw.github.com/vincentarelbundock/Rdatasets/master/csv/boot/tuna.csv
urine,Urine Analysis Data,https://raw.github.com/vincentarelbundock/Rdatasets/master/csv/boot/urine.csv
wool,Australian Relative Wool Prices,https://raw.github.com/vincentarelbundock/Rdatasets/master/csv/boot/wool.csv
aids,data from Section 1.19,https://raw.github.com/vincentarelbundock/Rdatasets/master/csv/KMsurv/aids.csv
alloauto,data from Section 1.9,https://raw.github.com/vincentarelbundock/Rdatasets/master/csv/KMsurv/alloauto.csv
allograft,"data from Exercise 13.1, p418",https://raw.github.com/vincentarelbundock/Rdatasets/master/csv/KMsurv/allograft.csv
azt,"data from Exercise 4.7, p122",https://raw.github.com/vincentarelbundock/Rdatasets/master/csv/KMsurv/azt.csv
baboon,"data from Exercise 5.8, p147",https://raw.github.com/vincentarelbundock/Rdatasets/master/csv/KMsurv/baboon.csv
bcdeter,data from Section 1.18,https://raw.github.com/vincentarelbundock/Rdatasets/master/csv/KMsurv/bcdeter.csv
bfeed,data from Section 1.14,https://raw.github.com/vincentarelbundock/Rdatasets/master/csv/KMsurv/bfeed.csv
bmt,data from Section 1.3,https://raw.github.com/vincentarelbundock/Rdatasets/master/csv/KMsurv/bmt.csv
bnct,"data from Exercise 7.7, p223",https://raw.github.com/vincentarelbundock/Rdatasets/master/csv/KMsurv/bnct.csv
btrial,data from Section 1.5,https://raw.github.com/vincentarelbundock/Rdatasets/master/csv/KMsurv/btrial.csv
burn,data from Section 1.6,https://raw.github.com/vincentarelbundock/Rdatasets/master/csv/KMsurv/burn.csv
channing,data from Section 1.16,https://raw.github.com/vincentarelbundock/Rdatasets/master/csv/KMsurv/channing.csv
drug6mp,data from Section 1.2,https://raw.github.com/vincentarelbundock/Rdatasets/master/csv/KMsurv/drug6mp.csv
drughiv,"data from Exercise 7.6, p222",https://raw.github.com/vincentarelbundock/Rdatasets/master/csv/KMsurv/drughiv.csv
hodg,data from Section 1.10,https://raw.github.com/vincentarelbundock/Rdatasets/master/csv/KMsurv/hodg.csv
kidney,data from Section 1.4,https://raw.github.com/vincentarelbundock/Rdatasets/master/csv/KMsurv/kidney.csv
kidrecurr,Data on 38 individuals using a kidney dialysis machine,https://raw.github.com/vincentarelbundock/Rdatasets/master/csv/KMsurv/kidrecurr.csv
kidtran,data from Section 1.7,https://raw.github.com/vincentarelbundock/Rdatasets/master/csv/KMsurv/kidtran.csv
larynx,data from Section 1.8,https://raw.github.com/vincentarelbundock/Rdatasets/master/csv/KMsurv/larynx.csv
lung,"data from Exercise 4.4, p120",https://raw.github.com/vincentarelbundock/Rdatasets/master/csv/KMsurv/lung.csv
pneumon,data from Section 1.13,https://raw.github.com/vincentarelbundock/Rdatasets/master/csv/KMsurv/pneumon.csv
psych,data from Section 1.15,https://raw.github.com/vincentarelbundock/Rdatasets/master/csv/KMsurv/psych.csv
rats,"data from Exercise 7.13, p225",https://raw.github.com/vincentarelbundock/Rdatasets/master/csv/KMsurv/rats.csv
std,data from Section 1.12,https://raw.github.com/vincentarelbundock/Rdatasets/master/csv/KMsurv/std.csv
stddiag,"data from Exercise 5.6, p146",https://raw.github.com/vincentarelbundock/Rdatasets/master/csv/KMsurv/stddiag.csv
tongue,data from Section 1.11,https://raw.github.com/vincentarelbundock/Rdatasets/master/csv/KMsurv/tongue.csv
twins,"data from Exercise 7.14, p225",https://raw.github.com/vincentarelbundock/Rdatasets/master/csv/KMsurv/twins.csv
Animals2,Brain and Body Weights for 65 Species of Land Animals,https://raw.github.com/vincentarelbundock/Rdatasets/master/csv/robustbase/Animals2.csv
CrohnD,Crohn's Disease Adverse Events Data,https://raw.github.com/vincentarelbundock/Rdatasets/master/csv/robustbase/CrohnD.csv
NOxEmissions,NOx Air Pollution Data,https://raw.github.com/vincentarelbundock/Rdatasets/master/csv/robustbase/NOxEmissions.csv
SiegelsEx,Siegel's Exact Fit Example Data,https://raw.github.com/vincentarelbundock/Rdatasets/master/csv/robustbase/SiegelsEx.csv
aircraft,Aircraft Data,https://raw.github.com/vincentarelbundock/Rdatasets/master/csv/robustbase/aircraft.csv
airmay,Air Quality Data,https://raw.github.com/vincentarelbundock/Rdatasets/master/csv/robustbase/airmay.csv
alcohol,Alcohol Solubility in Water Data,https://raw.github.com/vincentarelbundock/Rdatasets/master/csv/robustbase/alcohol.csv
ambientNOxCH,Daily Means of NOx (mono-nitrogen oxides) in air,https://raw.github.com/vincentarelbundock/Rdatasets/master/csv/robustbase/ambientNOxCH.csv
bushfire,Campbell Bushfire Data,https://raw.github.com/vincentarelbundock/Rdatasets/master/csv/robustbase/bushfire.csv
carrots,Insect Damages on Carrots,https://raw.github.com/vincentarelbundock/Rdatasets/master/csv/robustbase/carrots.csv
cloud,Cloud point of a Liquid,https://raw.github.com/vincentarelbundock/Rdatasets/master/csv/robustbase/cloud.csv
coleman,Coleman Data Set,https://raw.github.com/vincentarelbundock/Rdatasets/master/csv/robustbase/coleman.csv
condroz,Condroz Data,https://raw.github.com/vincentarelbundock/Rdatasets/master/csv/robustbase/condroz.csv
cushny,Cushny and Peebles Prolongation of Sleep Data,https://raw.github.com/vincentarelbundock/Rdatasets/master/csv/robustbase/cushny.csv
delivery,Delivery Time Data,https://raw.github.com/vincentarelbundock/Rdatasets/master/csv/robustbase/delivery.csv
education,Education Expenditure Data,https://raw.github.com/vincentarelbundock/Rdatasets/master/csv/robustbase/education.csv
epilepsy,Epilepsy Attacks Data Set,https://raw.github.com/vincentarelbundock/Rdatasets/master/csv/robustbase/epilepsy.csv
exAM,Example Data of Antille and May - for Simple Regression,https://raw.github.com/vincentarelbundock/Rdatasets/master/csv/robustbase/exAM.csv
foodstamp,Food Stamp Program Participation,https://raw.github.com/vincentarelbundock/Rdatasets/master/csv/robustbase/foodstamp.csv
hbk,"Hawkins, Bradu, Kass's Artificial Data",https://raw.github.com/vincentarelbundock/Rdatasets/master/csv/robustbase/hbk.csv
heart,Heart Catherization Data,https://raw.github.com/vincentarelbundock/Rdatasets/master/csv/robustbase/heart.csv
kootenay,Waterflow Measurements of Kootenay River in Libby and Newgate,https://raw.github.com/vincentarelbundock/Rdatasets/master/csv/robustbase/kootenay.csv
lactic,Lactic Acid Concentration Measurement Data,https://raw.github.com/vincentarelbundock/Rdatasets/master/csv/robustbase/lactic.csv
milk,Daudin's Milk Composition Data,https://raw.github.com/vincentarelbundock/Rdatasets/master/csv/robustbase/milk.csv
pension,Pension Funds Data,https://raw.github.com/vincentarelbundock/Rdatasets/master/csv/robustbase/pension.csv
phosphor,Phosphorus Content Data,https://raw.github.com/vincentarelbundock/Rdatasets/master/csv/robustbase/phosphor.csv
pilot,Pilot-Plant Data,https://raw.github.com/vincentarelbundock/Rdatasets/master/csv/robustbase/pilot.csv
possumDiv,Possum Diversity Data,https://raw.github.com/vincentarelbundock/Rdatasets/master/csv/robustbase/possumDiv.csv
pulpfiber,Pulp Fiber and Paper Data,https://raw.github.com/vincentarelbundock/Rdatasets/master/csv/robustbase/pulpfiber.csv
radarImage,Satellite Radar Image Data from near Munich,https://raw.github.com/vincentarelbundock/Rdatasets/master/csv/robustbase/radarImage.csv
salinity,Salinity Data,https://raw.github.com/vincentarelbundock/Rdatasets/master/csv/robustbase/salinity.csv
starsCYG,Hertzsprung-Russell Diagram Data of Star Cluster CYG OB1,https://raw.github.com/vincentarelbundock/Rdatasets/master/csv/robustbase/starsCYG.csv
telef,Number of International Calls from Belgium,https://raw.github.com/vincentarelbundock/Rdatasets/master/csv/robustbase/telef.csv
toxicity,Toxicity of Carboxylic Acids Data,https://raw.github.com/vincentarelbundock/Rdatasets/master/csv/robustbase/toxicity.csv
vaso,Vaso Constriction Skin Data Set,https://raw.github.com/vincentarelbundock/Rdatasets/master/csv/robustbase/vaso.csv
wagnerGrowth,Wagner's Hannover Employment Growth Data,https://raw.github.com/vincentarelbundock/Rdatasets/master/csv/robustbase/wagnerGrowth.csv
wood,Modified Data on Wood Specific Gravity,https://raw.github.com/vincentarelbundock/Rdatasets/master/csv/robustbase/wood.csv
AMSsurvey,American Math Society Survey Data,https://raw.github.com/vincentarelbundock/Rdatasets/master/csv/car/AMSsurvey.csv
Adler,Experimenter Expectations,https://raw.github.com/vincentarelbundock/Rdatasets/master/csv/car/Adler.csv
Angell,Moral Integration of American Cities,https://raw.github.com/vincentarelbundock/Rdatasets/master/csv/car/Angell.csv
Anscombe,U. S. State Public-School Expenditures,https://raw.github.com/vincentarelbundock/Rdatasets/master/csv/car/Anscombe.csv
Baumann,Methods of Teaching Reading Comprehension,https://raw.github.com/vincentarelbundock/Rdatasets/master/csv/car/Baumann.csv
Bfox,Canadian Women's Labour-Force Participation,https://raw.github.com/vincentarelbundock/Rdatasets/master/csv/car/Bfox.csv
Blackmoor,Exercise Histories of Eating-Disordered and Control Subjects,https://raw.github.com/vincentarelbundock/Rdatasets/master/csv/car/Blackmoor.csv
Burt,Fraudulent Data on IQs of Twins Raised Apart,https://raw.github.com/vincentarelbundock/Rdatasets/master/csv/car/Burt.csv
CanPop,Canadian Population Data,https://raw.github.com/vincentarelbundock/Rdatasets/master/csv/car/CanPop.csv
Chile,Voting Intentions in the 1988 Chilean Plebiscite,https://raw.github.com/vincentarelbundock/Rdatasets/master/csv/car/Chile.csv
Chirot,The 1907 Romanian Peasant Rebellion,https://raw.github.com/vincentarelbundock/Rdatasets/master/csv/car/Chirot.csv
Cowles,Cowles and Davis's Data on Volunteering,https://raw.github.com/vincentarelbundock/Rdatasets/master/csv/car/Cowles.csv
Davis,Self-Reports of Height and Weight,https://raw.github.com/vincentarelbundock/Rdatasets/master/csv/car/Davis.csv
DavisThin,Davis's Data on Drive for Thinness,https://raw.github.com/vincentarelbundock/Rdatasets/master/csv/car/DavisThin.csv
Depredations,Minnesota Wolf Depredation Data,https://raw.github.com/vincentarelbundock/Rdatasets/master/csv/car/Depredations.csv
Duncan,Duncan's Occupational Prestige Data,https://raw.github.com/vincentarelbundock/Rdatasets/master/csv/car/Duncan.csv
Ericksen,The 1980 U.S. Census Undercount,https://raw.github.com/vincentarelbundock/Rdatasets/master/csv/car/Ericksen.csv
Florida,Florida County Voting,https://raw.github.com/vincentarelbundock/Rdatasets/master/csv/car/Florida.csv
Freedman,Crowding and Crime in U. S. Metropolitan Areas,https://raw.github.com/vincentarelbundock/Rdatasets/master/csv/car/Freedman.csv
Friendly,Format Effects on Recall,https://raw.github.com/vincentarelbundock/Rdatasets/master/csv/car/Friendly.csv
Ginzberg,Data on Depression,https://raw.github.com/vincentarelbundock/Rdatasets/master/csv/car/Ginzberg.csv
Greene,Refugee Appeals,https://raw.github.com/vincentarelbundock/Rdatasets/master/csv/car/Greene.csv
Guyer,Anonymity and Cooperation,https://raw.github.com/vincentarelbundock/Rdatasets/master/csv/car/Guyer.csv
Hartnagel,Canadian Crime-Rates Time Series,https://raw.github.com/vincentarelbundock/Rdatasets/master/csv/car/Hartnagel.csv
Highway1,Highway Accidents,https://raw.github.com/vincentarelbundock/Rdatasets/master/csv/car/Highway1.csv
Leinhardt,Data on Infant-Mortality,https://raw.github.com/vincentarelbundock/Rdatasets/master/csv/car/Leinhardt.csv
Mandel,Contrived Collinear Data,https://raw.github.com/vincentarelbundock/Rdatasets/master/csv/car/Mandel.csv
Migration,Canadian Interprovincial Migration Data,https://raw.github.com/vincentarelbundock/Rdatasets/master/csv/car/Migration.csv
Moore,"Status, Authoritarianism, and Conformity",https://raw.github.com/vincentarelbundock/Rdatasets/master/csv/car/Moore.csv
Mroz,U.S. Women's Labor-Force Participation,https://raw.github.com/vincentarelbundock/Rdatasets/master/csv/car/Mroz.csv
OBrienKaiser,O'Brien and Kaiser's Repeated-Measures Data,https://raw.github.com/vincentarelbundock/Rdatasets/master/csv/car/OBrienKaiser.csv
Ornstein,Interlocking Directorates Among Major Canadian Firms,https://raw.github.com/vincentarelbundock/Rdatasets/master/csv/car/Ornstein.csv
Pottery,Chemical Composition of Pottery,https://raw.github.com/vincentarelbundock/Rdatasets/master/csv/car/Pottery.csv
Prestige,Prestige of Canadian Occupations,https://raw.github.com/vincentarelbundock/Rdatasets/master/csv/car/Prestige.csv
Quartet,Four Regression Datasets,https://raw.github.com/vincentarelbundock/Rdatasets/master/csv/car/Quartet.csv
Robey,Fertility and Contraception,https://raw.github.com/vincentarelbundock/Rdatasets/master/csv/car/Robey.csv
SLID,Survey of Labour and Income Dynamics,https://raw.github.com/vincentarelbundock/Rdatasets/master/csv/car/SLID.csv
Sahlins,Agricultural Production in Mazulu Village,https://raw.github.com/vincentarelbundock/Rdatasets/master/csv/car/Sahlins.csv
Salaries,Salaries for Professors,https://raw.github.com/vincentarelbundock/Rdatasets/master/csv/car/Salaries.csv
Soils,Soil Compositions of Physical and Chemical Characteristics,https://raw.github.com/vincentarelbundock/Rdatasets/master/csv/car/Soils.csv
States,Education and Related Statistics for the U.S. States,https://raw.github.com/vincentarelbundock/Rdatasets/master/csv/car/States.csv
Transact,Transaction data,https://raw.github.com/vincentarelbundock/Rdatasets/master/csv/car/Transact.csv
UN,GDP and Infant Mortality,https://raw.github.com/vincentarelbundock/Rdatasets/master/csv/car/UN.csv
USPop,Population of the United States,https://raw.github.com/vincentarelbundock/Rdatasets/master/csv/car/USPop.csv
Vocab,Vocabulary and Education,https://raw.github.com/vincentarelbundock/Rdatasets/master/csv/car/Vocab.csv
WeightLoss,Weight Loss Data,https://raw.github.com/vincentarelbundock/Rdatasets/master/csv/car/WeightLoss.csv
Womenlf,Canadian Women's Labour-Force Participation,https://raw.github.com/vincentarelbundock/Rdatasets/master/csv/car/Womenlf.csv
Wool,Wool data,https://raw.github.com/vincentarelbundock/Rdatasets/master/csv/car/Wool.csv
agriculture,European Union Agricultural Workforces,https://raw.github.com/vincentarelbundock/Rdatasets/master/csv/cluster/agriculture.csv
animals,Attributes of Animals,https://raw.github.com/vincentarelbundock/Rdatasets/master/csv/cluster/animals.csv
chorSub,Subset of C-horizon of Kola Data,https://raw.github.com/vincentarelbundock/Rdatasets/master/csv/cluster/chorSub.csv
flower,Flower Characteristics,https://raw.github.com/vincentarelbundock/Rdatasets/master/csv/cluster/flower.csv
plantTraits,Plant Species Traits Data,https://raw.github.com/vincentarelbundock/Rdatasets/master/csv/cluster/plantTraits.csv
pluton,Isotopic Composition Plutonium Batches,https://raw.github.com/vincentarelbundock/Rdatasets/master/csv/cluster/pluton.csv
ruspini,Ruspini Data,https://raw.github.com/vincentarelbundock/Rdatasets/master/csv/cluster/ruspini.csv
votes.repub,Votes for Republican Candidate in Presidential Elections,https://raw.github.com/vincentarelbundock/Rdatasets/master/csv/cluster/votes.repub.csv
xclara,Bivariate Data Set with 3 Clusters,https://raw.github.com/vincentarelbundock/Rdatasets/master/csv/cluster/xclara.csv
affairs,affairs,https://raw.github.com/vincentarelbundock/Rdatasets/master/csv/COUNT/affairs.csv
azcabgptca,azcabgptca,https://raw.github.com/vincentarelbundock/Rdatasets/master/csv/COUNT/azcabgptca.csv
azdrg112,azdrg112,https://raw.github.com/vincentarelbundock/Rdatasets/master/csv/COUNT/azdrg112.csv
azpro,azpro,https://raw.github.com/vincentarelbundock/Rdatasets/master/csv/COUNT/azpro.csv
azprocedure,azprocedure,https://raw.github.com/vincentarelbundock/Rdatasets/master/csv/COUNT/azprocedure.csv
badhealth,badhealth,https://raw.github.com/vincentarelbundock/Rdatasets/master/csv/COUNT/badhealth.csv
fasttrakg,fasttrakg,https://raw.github.com/vincentarelbundock/Rdatasets/master/csv/COUNT/fasttrakg.csv
fishing,fishing,https://raw.github.com/vincentarelbundock/Rdatasets/master/csv/COUNT/fishing.csv
lbw,lbw,https://raw.github.com/vincentarelbundock/Rdatasets/master/csv/COUNT/lbw.csv
lbwgrp,lbwgrp,https://raw.github.com/vincentarelbundock/Rdatasets/master/csv/COUNT/lbwgrp.csv
loomis,loomis,https://raw.github.com/vincentarelbundock/Rdatasets/master/csv/COUNT/loomis.csv
mdvis,mdvis,https://raw.github.com/vincentarelbundock/Rdatasets/master/csv/COUNT/mdvis.csv
medpar,medpar,https://raw.github.com/vincentarelbundock/Rdatasets/master/csv/COUNT/medpar.csv
nuts,nuts,https://raw.github.com/vincentarelbundock/Rdatasets/master/csv/COUNT/nuts.csv
rwm,rwm,https://raw.github.com/vincentarelbundock/Rdatasets/master/csv/COUNT/rwm.csv
rwm1984,rwm1984,https://raw.github.com/vincentarelbundock/Rdatasets/master/csv/COUNT/rwm1984.csv
rwm5yr,rwm5yr,https://raw.github.com/vincentarelbundock/Rdatasets/master/csv/COUNT/rwm5yr.csv
ships,ships,https://raw.github.com/vincentarelbundock/Rdatasets/master/csv/COUNT/ships.csv
smoking,smoking,https://raw.github.com/vincentarelbundock/Rdatasets/master/csv/COUNT/smoking.csv
titanic,titanic,https://raw.github.com/vincentarelbundock/Rdatasets/master/csv/COUNT/titanic.csv
titanicgrp,titanicgrp,https://raw.github.com/vincentarelbundock/Rdatasets/master/csv/COUNT/titanicgrp.csv
Accident,Ship Accidents,https://raw.github.com/vincentarelbundock/Rdatasets/master/csv/Ecdat/Accident.csv
Airline,Cost for U.S. Airlines,https://raw.github.com/vincentarelbundock/Rdatasets/master/csv/Ecdat/Airline.csv
Airq,Air Quality for Californian Metropolitan Areas,https://raw.github.com/vincentarelbundock/Rdatasets/master/csv/Ecdat/Airq.csv
Benefits,Unemployement of Blue Collar Workers,https://raw.github.com/vincentarelbundock/Rdatasets/master/csv/Ecdat/Benefits.csv
Bids,Bids Received By U.S. Firms,https://raw.github.com/vincentarelbundock/Rdatasets/master/csv/Ecdat/Bids.csv
BudgetFood,Budget Share of Food for Spanish Households,https://raw.github.com/vincentarelbundock/Rdatasets/master/csv/Ecdat/BudgetFood.csv
BudgetItaly,Budget Shares for Italian Households,https://raw.github.com/vincentarelbundock/Rdatasets/master/csv/Ecdat/BudgetItaly.csv
BudgetUK,Budget Shares of British Households,https://raw.github.com/vincentarelbundock/Rdatasets/master/csv/Ecdat/BudgetUK.csv
Bwages,Wages in Belgium,https://raw.github.com/vincentarelbundock/Rdatasets/master/csv/Ecdat/Bwages.csv
CPSch3,Earnings from the Current Population Survey,https://raw.github.com/vincentarelbundock/Rdatasets/master/csv/Ecdat/CPSch3.csv
CRANpackages,Growth of CRAN,https://raw.github.com/vincentarelbundock/Rdatasets/master/csv/Ecdat/CRANpackages.csv
Capm,Stock Market Data,https://raw.github.com/vincentarelbundock/Rdatasets/master/csv/Ecdat/Capm.csv
Car,Stated Preferences for Car Choice,https://raw.github.com/vincentarelbundock/Rdatasets/master/csv/Ecdat/Car.csv
Caschool,The California Test Score Data Set,https://raw.github.com/vincentarelbundock/Rdatasets/master/csv/Ecdat/Caschool.csv
Catsup,Choice of Brand for Catsup,https://raw.github.com/vincentarelbundock/Rdatasets/master/csv/Ecdat/Catsup.csv
Cigar,Cigarette Consumption,https://raw.github.com/vincentarelbundock/Rdatasets/master/csv/Ecdat/Cigar.csv
Cigarette,The Cigarette Consumption Panel Data Set,https://raw.github.com/vincentarelbundock/Rdatasets/master/csv/Ecdat/Cigarette.csv
Clothing,Sales Data of Men's Fashion Stores,https://raw.github.com/vincentarelbundock/Rdatasets/master/csv/Ecdat/Clothing.csv
Computers,Prices of Personal Computers,https://raw.github.com/vincentarelbundock/Rdatasets/master/csv/Ecdat/Computers.csv
Cracker,Choice of Brand for Crakers,https://raw.github.com/vincentarelbundock/Rdatasets/master/csv/Ecdat/Cracker.csv
Crime,Crime in North Carolina,https://raw.github.com/vincentarelbundock/Rdatasets/master/csv/Ecdat/Crime.csv
DM,DM Dollar Exchange Rate,https://raw.github.com/vincentarelbundock/Rdatasets/master/csv/Ecdat/DM.csv
Diamond,Pricing the C's of Diamond Stones,https://raw.github.com/vincentarelbundock/Rdatasets/master/csv/Ecdat/Diamond.csv
Doctor,Number of Doctor Visits,https://raw.github.com/vincentarelbundock/Rdatasets/master/csv/Ecdat/Doctor.csv
DoctorAUS,Doctor Visits in Australia,https://raw.github.com/vincentarelbundock/Rdatasets/master/csv/Ecdat/DoctorAUS.csv
DoctorContacts,Contacts With Medical Doctor,https://raw.github.com/vincentarelbundock/Rdatasets/master/csv/Ecdat/DoctorContacts.csv
Earnings,Earnings for Three Age Groups,https://raw.github.com/vincentarelbundock/Rdatasets/master/csv/Ecdat/Earnings.csv
Electricity,Cost Function for Electricity Producers,https://raw.github.com/vincentarelbundock/Rdatasets/master/csv/Ecdat/Electricity.csv
Fair,Extramarital Affairs Data,https://raw.github.com/vincentarelbundock/Rdatasets/master/csv/Ecdat/Fair.csv
Fatality,Drunk Driving Laws and Traffic Deaths,https://raw.github.com/vincentarelbundock/Rdatasets/master/csv/Ecdat/Fatality.csv
Fishing,Choice of Fishing Mode,https://raw.github.com/vincentarelbundock/Rdatasets/master/csv/Ecdat/Fishing.csv
Forward,Exchange Rates of US Dollar Against Other Currencies,https://raw.github.com/vincentarelbundock/Rdatasets/master/csv/Ecdat/Forward.csv
FriendFoe,Data from the Television Game Show Friend Or Foe ?,https://raw.github.com/vincentarelbundock/Rdatasets/master/csv/Ecdat/FriendFoe.csv
Garch,Daily Observations on Exchange Rates of the US Dollar Against Other Currencies,https://raw.github.com/vincentarelbundock/Rdatasets/master/csv/Ecdat/Garch.csv
Gasoline,Gasoline Consumption,https://raw.github.com/vincentarelbundock/Rdatasets/master/csv/Ecdat/Gasoline.csv
Griliches,Wage Datas,https://raw.github.com/vincentarelbundock/Rdatasets/master/csv/Ecdat/Griliches.csv
Grunfeld,Grunfeld Investment Data,https://raw.github.com/vincentarelbundock/Rdatasets/master/csv/Ecdat/Grunfeld.csv
HC,Heating and Cooling System Choice in Newly Built Houses in California,https://raw.github.com/vincentarelbundock/Rdatasets/master/csv/Ecdat/HC.csv
HI,Health Insurance and Hours Worked By Wives,https://raw.github.com/vincentarelbundock/Rdatasets/master/csv/Ecdat/HI.csv
Hdma,The Boston HDMA Data Set,https://raw.github.com/vincentarelbundock/Rdatasets/master/csv/Ecdat/Hdma.csv
Heating,Heating System Choice in California Houses,https://raw.github.com/vincentarelbundock/Rdatasets/master/csv/Ecdat/Heating.csv
Hedonic,Hedonic Prices of Cencus Tracts in Boston,https://raw.github.com/vincentarelbundock/Rdatasets/master/csv/Ecdat/Hedonic.csv
Housing,Sales Prices of Houses in the City of Windsor,https://raw.github.com/vincentarelbundock/Rdatasets/master/csv/Ecdat/Housing.csv
Icecream,Ice Cream Consumption,https://raw.github.com/vincentarelbundock/Rdatasets/master/csv/Ecdat/Icecream.csv
Journals,Economic Journals Dat Set,https://raw.github.com/vincentarelbundock/Rdatasets/master/csv/Ecdat/Journals.csv
Kakadu,Willingness to Pay for the Preservation of the Kakadu National Park,https://raw.github.com/vincentarelbundock/Rdatasets/master/csv/Ecdat/Kakadu.csv
Ketchup,Choice of Brand for Ketchup,https://raw.github.com/vincentarelbundock/Rdatasets/master/csv/Ecdat/Ketchup.csv
Klein,Klein's Model I,https://raw.github.com/vincentarelbundock/Rdatasets/master/csv/Ecdat/Klein.csv
LaborSupply,Wages and Hours Worked,https://raw.github.com/vincentarelbundock/Rdatasets/master/csv/Ecdat/LaborSupply.csv
Labour,Belgian Firms,https://raw.github.com/vincentarelbundock/Rdatasets/master/csv/Ecdat/Labour.csv
MCAS,The Massashusets Test Score Data Set,https://raw.github.com/vincentarelbundock/Rdatasets/master/csv/Ecdat/MCAS.csv
Males,Wages and Education of Young Males,https://raw.github.com/vincentarelbundock/Rdatasets/master/csv/Ecdat/Males.csv
Mathlevel,Level of Calculus Attained for Students Taking Advanced Micro-economics,https://raw.github.com/vincentarelbundock/Rdatasets/master/csv/Ecdat/Mathlevel.csv
MedExp,Structure of Demand for Medical Care,https://raw.github.com/vincentarelbundock/Rdatasets/master/csv/Ecdat/MedExp.csv
Metal,Production for SIC 33,https://raw.github.com/vincentarelbundock/Rdatasets/master/csv/Ecdat/Metal.csv
Mode,Mode Choice,https://raw.github.com/vincentarelbundock/Rdatasets/master/csv/Ecdat/Mode.csv
ModeChoice,Data to Study Travel Mode Choice,https://raw.github.com/vincentarelbundock/Rdatasets/master/csv/Ecdat/ModeChoice.csv
Mofa,"International Expansion of U.S. Mofa's (majority-owned Foreign Affiliates in Fire (finance, Insurance and Real Estate)",https://raw.github.com/vincentarelbundock/Rdatasets/master/csv/Ecdat/Mofa.csv
Mroz,Labor Supply Data,https://raw.github.com/vincentarelbundock/Rdatasets/master/csv/Ecdat/Mroz.csv
MunExp,Municipal Expenditure Data,https://raw.github.com/vincentarelbundock/Rdatasets/master/csv/Ecdat/MunExp.csv
NaturalPark,Willingness to Pay for the Preservation of the Alentejo Natural Park,https://raw.github.com/vincentarelbundock/Rdatasets/master/csv/Ecdat/NaturalPark.csv
Nerlove,"Cost Function for Electricity Producers, 1955",https://raw.github.com/vincentarelbundock/Rdatasets/master/csv/Ecdat/Nerlove.csv
OFP,Visits to Physician Office,https://raw.github.com/vincentarelbundock/Rdatasets/master/csv/Ecdat/OFP.csv
Oil,Oil Investment,https://raw.github.com/vincentarelbundock/Rdatasets/master/csv/Ecdat/Oil.csv
PSID,Panel Survey of Income Dynamics,https://raw.github.com/vincentarelbundock/Rdatasets/master/csv/Ecdat/PSID.csv
Participation,Labor Force Participation,https://raw.github.com/vincentarelbundock/Rdatasets/master/csv/Ecdat/Participation.csv
PatentsHGH,Dynamic Relation Between Patents and R&D,https://raw.github.com/vincentarelbundock/Rdatasets/master/csv/Ecdat/PatentsHGH.csv
PatentsRD,"Patents, R&D and Technological Spillovers for a Panel of Firms",https://raw.github.com/vincentarelbundock/Rdatasets/master/csv/Ecdat/PatentsRD.csv
Pound,Pound-dollar Exchange Rate,https://raw.github.com/vincentarelbundock/Rdatasets/master/csv/Ecdat/Pound.csv
Produc,Us States Production,https://raw.github.com/vincentarelbundock/Rdatasets/master/csv/Ecdat/Produc.csv
RetSchool,Return to Schooling,https://raw.github.com/vincentarelbundock/Rdatasets/master/csv/Ecdat/RetSchool.csv
SP500,Returns on Standard & Poor's 500 Index,https://raw.github.com/vincentarelbundock/Rdatasets/master/csv/Ecdat/SP500.csv
Schooling,Wages and Schooling,https://raw.github.com/vincentarelbundock/Rdatasets/master/csv/Ecdat/Schooling.csv
Somerville,Visits to Lake Somerville,https://raw.github.com/vincentarelbundock/Rdatasets/master/csv/Ecdat/Somerville.csv
Star,Effects on Learning of Small Class Sizes,https://raw.github.com/vincentarelbundock/Rdatasets/master/csv/Ecdat/Star.csv
Strike,Strike Duration Data,https://raw.github.com/vincentarelbundock/Rdatasets/master/csv/Ecdat/Strike.csv
StrikeDur,Strikes Duration,https://raw.github.com/vincentarelbundock/Rdatasets/master/csv/Ecdat/StrikeDur.csv
StrikeNb,Number of Strikes in Us Manufacturing,https://raw.github.com/vincentarelbundock/Rdatasets/master/csv/Ecdat/StrikeNb.csv
SumHes,The Penn Table,https://raw.github.com/vincentarelbundock/Rdatasets/master/csv/Ecdat/SumHes.csv
Tobacco,Households Tobacco Budget Share,https://raw.github.com/vincentarelbundock/Rdatasets/master/csv/Ecdat/Tobacco.csv
Train,Stated Preferences for Train Traveling,https://raw.github.com/vincentarelbundock/Rdatasets/master/csv/Ecdat/Train.csv
TranspEq,Statewide Data on Transportation Equipment Manufacturing,https://raw.github.com/vincentarelbundock/Rdatasets/master/csv/Ecdat/TranspEq.csv
Treatment,Evaluating Treatment Effect of Training on Earnings,https://raw.github.com/vincentarelbundock/Rdatasets/master/csv/Ecdat/Treatment.csv
Tuna,Choice of Brand for Tuna,https://raw.github.com/vincentarelbundock/Rdatasets/master/csv/Ecdat/Tuna.csv
USFinanceIndustry,US Finance Industry Profits,https://raw.github.com/vincentarelbundock/Rdatasets/master/csv/Ecdat/USFinanceIndustry.csv
USclassifiedDocuments,Official Secrecy of the United States Government,https://raw.github.com/vincentarelbundock/Rdatasets/master/csv/Ecdat/USclassifiedDocuments.csv
USstateAbbreviations,Standard abbreviations for states of the United States,https://raw.github.com/vincentarelbundock/Rdatasets/master/csv/Ecdat/USstateAbbreviations.csv
UStaxWords,Number of Words in US Tax Law,https://raw.github.com/vincentarelbundock/Rdatasets/master/csv/Ecdat/UStaxWords.csv
UnempDur,Unemployment Duration,https://raw.github.com/vincentarelbundock/Rdatasets/master/csv/Ecdat/UnempDur.csv
Unemployment,Unemployment Duration,https://raw.github.com/vincentarelbundock/Rdatasets/master/csv/Ecdat/Unemployment.csv
University,Provision of University Teaching and Research,https://raw.github.com/vincentarelbundock/Rdatasets/master/csv/Ecdat/University.csv
VietNamH,Medical Expenses in Viet-nam (household Level),https://raw.github.com/vincentarelbundock/Rdatasets/master/csv/Ecdat/VietNamH.csv
VietNamI,Medical Expenses in Viet-nam (individual Level),https://raw.github.com/vincentarelbundock/Rdatasets/master/csv/Ecdat/VietNamI.csv
Wages,Panel Datas of Individual Wages,https://raw.github.com/vincentarelbundock/Rdatasets/master/csv/Ecdat/Wages.csv
Wages1,"Wages, Experience and Schooling",https://raw.github.com/vincentarelbundock/Rdatasets/master/csv/Ecdat/Wages1.csv
Workinghours,Wife Working Hours,https://raw.github.com/vincentarelbundock/Rdatasets/master/csv/Ecdat/Workinghours.csv
Yen,Yen-dollar Exchange Rate,https://raw.github.com/vincentarelbundock/Rdatasets/master/csv/Ecdat/Yen.csv
Yogurt,Choice of Brand for Yogurts,https://raw.github.com/vincentarelbundock/Rdatasets/master/csv/Ecdat/Yogurt.csv
bankingCrises,Countries in Banking Crises,https://raw.github.com/vincentarelbundock/Rdatasets/master/csv/Ecdat/bankingCrises.csv
incomeInequality,Income Inequality in the US,https://raw.github.com/vincentarelbundock/Rdatasets/master/csv/Ecdat/incomeInequality.csv
nonEnglishNames,Names with Character Set Problems,https://raw.github.com/vincentarelbundock/Rdatasets/master/csv/Ecdat/nonEnglishNames.csv
politicalKnowledge,Political knowledge in the US and Europe,https://raw.github.com/vincentarelbundock/Rdatasets/master/csv/Ecdat/politicalKnowledge.csv
PD,"A study of Parkinson's disease and APOE, LRRK2, SNCA makers",https://raw.github.com/vincentarelbundock/Rdatasets/master/csv/gap/PD.csv
aldh2,ALDH2 markers and Alcoholism,https://raw.github.com/vincentarelbundock/Rdatasets/master/csv/gap/aldh2.csv
apoeapoc,APOE/APOC1 markers and Alzheimer's,https://raw.github.com/vincentarelbundock/Rdatasets/master/csv/gap/apoeapoc.csv
cf,Cystic fibrosis data,https://raw.github.com/vincentarelbundock/Rdatasets/master/csv/gap/cf.csv
crohn,Crohn's disease data,https://raw.github.com/vincentarelbundock/Rdatasets/master/csv/gap/crohn.csv
fa,Friedreich Ataxia data,https://raw.github.com/vincentarelbundock/Rdatasets/master/csv/gap/fa.csv
fsnps,A case-control data involving four SNPs with missing genotype,https://raw.github.com/vincentarelbundock/Rdatasets/master/csv/gap/fsnps.csv
hla,The HLA data,https://raw.github.com/vincentarelbundock/Rdatasets/master/csv/gap/hla.csv
hr1420,An example data for Manhattan plot with annotation,https://raw.github.com/vincentarelbundock/Rdatasets/master/csv/gap/hr1420.csv
l51,An example pedigree data,https://raw.github.com/vincentarelbundock/Rdatasets/master/csv/gap/l51.csv
lukas,An example pedigree,https://raw.github.com/vincentarelbundock/Rdatasets/master/csv/gap/lukas.csv
mao,A study of Parkinson's disease and MAO gene,https://raw.github.com/vincentarelbundock/Rdatasets/master/csv/gap/mao.csv
mfblong,Example data for ACEnucfam,https://raw.github.com/vincentarelbundock/Rdatasets/master/csv/gap/mfblong.csv
mhtdata,An example data for Manhattan plot,https://raw.github.com/vincentarelbundock/Rdatasets/master/csv/gap/mhtdata.csv
nep499,A study of Alzheimer's disease with eight SNPs and APOE,https://raw.github.com/vincentarelbundock/Rdatasets/master/csv/gap/nep499.csv
diamonds,"Prices of 50,000 round cut diamonds",https://raw.github.com/vincentarelbundock/Rdatasets/master/csv/ggplot2/diamonds.csv
economics,US economic time series.,https://raw.github.com/vincentarelbundock/Rdatasets/master/csv/ggplot2/economics.csv
midwest,Midwest demographics.,https://raw.github.com/vincentarelbundock/Rdatasets/master/csv/ggplot2/midwest.csv
movies,Movie information and user ratings from IMDB.com.,https://raw.github.com/vincentarelbundock/Rdatasets/master/csv/ggplot2/movies.csv
mpg,Fuel economy data from 1999 and 2008 for 38 popular models of car,https://raw.github.com/vincentarelbundock/Rdatasets/master/csv/ggplot2/mpg.csv
msleep,An updated and expanded version of the mammals sleep dataset.,https://raw.github.com/vincentarelbundock/Rdatasets/master/csv/ggplot2/msleep.csv
presidential,Terms of 10 presidents from Eisenhower to Bush W.,https://raw.github.com/vincentarelbundock/Rdatasets/master/csv/ggplot2/presidential.csv
seals,Vector field of seal movements.,https://raw.github.com/vincentarelbundock/Rdatasets/master/csv/ggplot2/seals.csv
Arbuthnot,Arbuthnot's data on male and female birth ratios in London from 1629-1710.,https://raw.github.com/vincentarelbundock/Rdatasets/master/csv/HistData/Arbuthnot.csv
Bowley,"Bowley's data on values of British and Irish trade, 1855-1899",https://raw.github.com/vincentarelbundock/Rdatasets/master/csv/HistData/Bowley.csv
Cavendish,Cavendish's Determinations of the Density of the Earth,https://raw.github.com/vincentarelbundock/Rdatasets/master/csv/HistData/Cavendish.csv
ChestSizes,Chest measurements of 5738 Scottish Militiamen,https://raw.github.com/vincentarelbundock/Rdatasets/master/csv/HistData/ChestSizes.csv
CushnyPeebles,Cushny-Peebles Data: Soporific Effects of Scopolamine Derivatives,https://raw.github.com/vincentarelbundock/Rdatasets/master/csv/HistData/CushnyPeebles.csv
CushnyPeeblesN,Cushny-Peebles Data: Soporific Effects of Scopolamine Derivatives,https://raw.github.com/vincentarelbundock/Rdatasets/master/csv/HistData/CushnyPeeblesN.csv
Dactyl,Edgeworth's counts of dactyls in Virgil's Aeneid,https://raw.github.com/vincentarelbundock/Rdatasets/master/csv/HistData/Dactyl.csv
DrinksWages,Elderton and Pearson's (1910) data on drinking and wages,https://raw.github.com/vincentarelbundock/Rdatasets/master/csv/HistData/DrinksWages.csv
Fingerprints,Waite's data on Patterns in Fingerprints,https://raw.github.com/vincentarelbundock/Rdatasets/master/csv/HistData/Fingerprints.csv
Galton,Galton's data on the heights of parents and their children,https://raw.github.com/vincentarelbundock/Rdatasets/master/csv/HistData/Galton.csv
GaltonFamilies,"Galton's data on the heights of parents and their children, by child",https://raw.github.com/vincentarelbundock/Rdatasets/master/csv/HistData/GaltonFamilies.csv
Guerry,"Data from A.-M. Guerry, ""Essay on the Moral Statistics of France""",https://raw.github.com/vincentarelbundock/Rdatasets/master/csv/HistData/Guerry.csv
Jevons,W. Stanley Jevons' data on numerical discrimination,https://raw.github.com/vincentarelbundock/Rdatasets/master/csv/HistData/Jevons.csv
Langren.all,van Langren's Data on Longitude Distance between Toledo and Rome,https://raw.github.com/vincentarelbundock/Rdatasets/master/csv/HistData/Langren.all.csv
Langren1644,van Langren's Data on Longitude Distance between Toledo and Rome,https://raw.github.com/vincentarelbundock/Rdatasets/master/csv/HistData/Langren1644.csv
Macdonell,"Macdonell's Data on Height and Finger Length of Criminals, used by Gosset (1908)",https://raw.github.com/vincentarelbundock/Rdatasets/master/csv/HistData/Macdonell.csv
MacdonellDF,"Macdonell's Data on Height and Finger Length of Criminals, used by Gosset (1908)",https://raw.github.com/vincentarelbundock/Rdatasets/master/csv/HistData/MacdonellDF.csv
Michelson,Michelson's Determinations of the Velocity of Light,https://raw.github.com/vincentarelbundock/Rdatasets/master/csv/HistData/Michelson.csv
MichelsonSets,Michelson's Determinations of the Velocity of Light,https://raw.github.com/vincentarelbundock/Rdatasets/master/csv/HistData/MichelsonSets.csv
Minard.cities,Data from Minard's famous graphic map of Napoleon's march on Moscow,https://raw.github.com/vincentarelbundock/Rdatasets/master/csv/HistData/Minard.cities.csv
Minard.temp,Data from Minard's famous graphic map of Napoleon's march on Moscow,https://raw.github.com/vincentarelbundock/Rdatasets/master/csv/HistData/Minard.temp.csv
Minard.troops,Data from Minard's famous graphic map of Napoleon's march on Moscow,https://raw.github.com/vincentarelbundock/Rdatasets/master/csv/HistData/Minard.troops.csv
Nightingale,Florence Nightingale's data on deaths from various causes in the Crimean War,https://raw.github.com/vincentarelbundock/Rdatasets/master/csv/HistData/Nightingale.csv
OldMaps,Latitudes and Longitudes of 39 Points in 11 Old Maps,https://raw.github.com/vincentarelbundock/Rdatasets/master/csv/HistData/OldMaps.csv
PearsonLee,Pearson and Lee's data on the heights of parents and children classified by gender,https://raw.github.com/vincentarelbundock/Rdatasets/master/csv/HistData/PearsonLee.csv
PolioTrials,Polio Field Trials Data,https://raw.github.com/vincentarelbundock/Rdatasets/master/csv/HistData/PolioTrials.csv
Prostitutes,Parent-Duchatelet's time-series data on the number of prostitutes in Paris,https://raw.github.com/vincentarelbundock/Rdatasets/master/csv/HistData/Prostitutes.csv
Pyx,Trial of the Pyx,https://raw.github.com/vincentarelbundock/Rdatasets/master/csv/HistData/Pyx.csv
Quarrels,Statistics of Deadly Quarrels,https://raw.github.com/vincentarelbundock/Rdatasets/master/csv/HistData/Quarrels.csv
Snow.deaths,John Snow's map and data on the 1854 London Cholera outbreak,https://raw.github.com/vincentarelbundock/Rdatasets/master/csv/HistData/Snow.deaths.csv
Snow.polygons,John Snow's map and data on the 1854 London Cholera outbreak,https://raw.github.com/vincentarelbundock/Rdatasets/master/csv/HistData/Snow.polygons.csv
Snow.pumps,John Snow's map and data on the 1854 London Cholera outbreak,https://raw.github.com/vincentarelbundock/Rdatasets/master/csv/HistData/Snow.pumps.csv
Snow.streets,John Snow's map and data on the 1854 London Cholera outbreak,https://raw.github.com/vincentarelbundock/Rdatasets/master/csv/HistData/Snow.streets.csv
Wheat,Playfair's Data on Wages and the Price of Wheat,https://raw.github.com/vincentarelbundock/Rdatasets/master/csv/HistData/Wheat.csv
Wheat.monarchs,Playfair's Data on Wages and the Price of Wheat,https://raw.github.com/vincentarelbundock/Rdatasets/master/csv/HistData/Wheat.monarchs.csv
Yeast,Student's (1906) Yeast Cell Counts,https://raw.github.com/vincentarelbundock/Rdatasets/master/csv/HistData/Yeast.csv
YeastD.mat,Student's (1906) Yeast Cell Counts,https://raw.github.com/vincentarelbundock/Rdatasets/master/csv/HistData/YeastD.mat.csv
ZeaMays,Darwin's Heights of Cross- and Self-fertilized Zea May Pairs,https://raw.github.com/vincentarelbundock/Rdatasets/master/csv/HistData/ZeaMays.csv
barley,Yield data from a Minnesota barley trial,https://raw.github.com/vincentarelbundock/Rdatasets/master/csv/lattice/barley.csv
environmental,Atmospheric environmental conditions in New York City,https://raw.github.com/vincentarelbundock/Rdatasets/master/csv/lattice/environmental.csv
ethanol,Engine exhaust fumes from burning ethanol,https://raw.github.com/vincentarelbundock/Rdatasets/master/csv/lattice/ethanol.csv
melanoma,Melanoma skin cancer incidence,https://raw.github.com/vincentarelbundock/Rdatasets/master/csv/lattice/melanoma.csv
singer,Heights of New York Choral Society singers,https://raw.github.com/vincentarelbundock/Rdatasets/master/csv/lattice/singer.csv
Aids2,Australian AIDS Survival Data,https://raw.github.com/vincentarelbundock/Rdatasets/master/csv/MASS/Aids2.csv
Animals,Brain and Body Weights for 28 Species,https://raw.github.com/vincentarelbundock/Rdatasets/master/csv/MASS/Animals.csv
Boston,Housing Values in Suburbs of Boston,https://raw.github.com/vincentarelbundock/Rdatasets/master/csv/MASS/Boston.csv
Cars93,Data from 93 Cars on Sale in the USA in 1993,https://raw.github.com/vincentarelbundock/Rdatasets/master/csv/MASS/Cars93.csv
Cushings,Diagnostic Tests on Patients with Cushing's Syndrome,https://raw.github.com/vincentarelbundock/Rdatasets/master/csv/MASS/Cushings.csv
DDT,DDT in Kale,https://raw.github.com/vincentarelbundock/Rdatasets/master/csv/MASS/DDT.csv
GAGurine,Level of GAG in Urine of Children,https://raw.github.com/vincentarelbundock/Rdatasets/master/csv/MASS/GAGurine.csv
Insurance,Numbers of Car Insurance claims,https://raw.github.com/vincentarelbundock/Rdatasets/master/csv/MASS/Insurance.csv
Melanoma,Survival from Malignant Melanoma,https://raw.github.com/vincentarelbundock/Rdatasets/master/csv/MASS/Melanoma.csv
OME,Tests of Auditory Perception in Children with OME,https://raw.github.com/vincentarelbundock/Rdatasets/master/csv/MASS/OME.csv
Pima.te,Diabetes in Pima Indian Women,https://raw.github.com/vincentarelbundock/Rdatasets/master/csv/MASS/Pima.te.csv
Pima.tr,Diabetes in Pima Indian Women,https://raw.github.com/vincentarelbundock/Rdatasets/master/csv/MASS/Pima.tr.csv
Pima.tr2,Diabetes in Pima Indian Women,https://raw.github.com/vincentarelbundock/Rdatasets/master/csv/MASS/Pima.tr2.csv
Rabbit,Blood Pressure in Rabbits,https://raw.github.com/vincentarelbundock/Rdatasets/master/csv/MASS/Rabbit.csv
Rubber,Accelerated Testing of Tyre Rubber,https://raw.github.com/vincentarelbundock/Rdatasets/master/csv/MASS/Rubber.csv
SP500,Returns of the Standard and Poors 500,https://raw.github.com/vincentarelbundock/Rdatasets/master/csv/MASS/SP500.csv
Sitka,Growth Curves for Sitka Spruce Trees in 1988,https://raw.github.com/vincentarelbundock/Rdatasets/master/csv/MASS/Sitka.csv
Sitka89,Growth Curves for Sitka Spruce Trees in 1989,https://raw.github.com/vincentarelbundock/Rdatasets/master/csv/MASS/Sitka89.csv
Skye,AFM Compositions of Aphyric Skye Lavas,https://raw.github.com/vincentarelbundock/Rdatasets/master/csv/MASS/Skye.csv
Traffic,Effect of Swedish Speed Limits on Accidents,https://raw.github.com/vincentarelbundock/Rdatasets/master/csv/MASS/Traffic.csv
UScereal,Nutritional and Marketing Information on US Cereals,https://raw.github.com/vincentarelbundock/Rdatasets/master/csv/MASS/UScereal.csv
UScrime,The Effect of Punishment Regimes on Crime Rates,https://raw.github.com/vincentarelbundock/Rdatasets/master/csv/MASS/UScrime.csv
VA,Veteran's Administration Lung Cancer Trial,https://raw.github.com/vincentarelbundock/Rdatasets/master/csv/MASS/VA.csv
abbey,Determinations of Nickel Content,https://raw.github.com/vincentarelbundock/Rdatasets/master/csv/MASS/abbey.csv
accdeaths,Accidental Deaths in the US 1973-1978,https://raw.github.com/vincentarelbundock/Rdatasets/master/csv/MASS/accdeaths.csv
anorexia,Anorexia Data on Weight Change,https://raw.github.com/vincentarelbundock/Rdatasets/master/csv/MASS/anorexia.csv
bacteria,Presence of Bacteria after Drug Treatments,https://raw.github.com/vincentarelbundock/Rdatasets/master/csv/MASS/bacteria.csv
beav1,Body Temperature Series of Beaver 1,https://raw.github.com/vincentarelbundock/Rdatasets/master/csv/MASS/beav1.csv
beav2,Body Temperature Series of Beaver 2,https://raw.github.com/vincentarelbundock/Rdatasets/master/csv/MASS/beav2.csv
biopsy,Biopsy Data on Breast Cancer Patients,https://raw.github.com/vincentarelbundock/Rdatasets/master/csv/MASS/biopsy.csv
birthwt,Risk Factors Associated with Low Infant Birth Weight,https://raw.github.com/vincentarelbundock/Rdatasets/master/csv/MASS/birthwt.csv
cabbages,Data from a cabbage field trial,https://raw.github.com/vincentarelbundock/Rdatasets/master/csv/MASS/cabbages.csv
caith,Colours of Eyes and Hair of People in Caithness,https://raw.github.com/vincentarelbundock/Rdatasets/master/csv/MASS/caith.csv
cats,Anatomical Data from Domestic Cats,https://raw.github.com/vincentarelbundock/Rdatasets/master/csv/MASS/cats.csv
cement,Heat Evolved by Setting Cements,https://raw.github.com/vincentarelbundock/Rdatasets/master/csv/MASS/cement.csv
chem,Copper in Wholemeal Flour,https://raw.github.com/vincentarelbundock/Rdatasets/master/csv/MASS/chem.csv
coop,Co-operative Trial in Analytical Chemistry,https://raw.github.com/vincentarelbundock/Rdatasets/master/csv/MASS/coop.csv
cpus,Performance of Computer CPUs,https://raw.github.com/vincentarelbundock/Rdatasets/master/csv/MASS/cpus.csv
crabs,Morphological Measurements on Leptograpsus Crabs,https://raw.github.com/vincentarelbundock/Rdatasets/master/csv/MASS/crabs.csv
deaths,Monthly Deaths from Lung Diseases in the UK,https://raw.github.com/vincentarelbundock/Rdatasets/master/csv/MASS/deaths.csv
drivers,Deaths of Car Drivers in Great Britain 1969-84,https://raw.github.com/vincentarelbundock/Rdatasets/master/csv/MASS/drivers.csv
eagles,Foraging Ecology of Bald Eagles,https://raw.github.com/vincentarelbundock/Rdatasets/master/csv/MASS/eagles.csv
epil,Seizure Counts for Epileptics,https://raw.github.com/vincentarelbundock/Rdatasets/master/csv/MASS/epil.csv
farms,Ecological Factors in Farm Management,https://raw.github.com/vincentarelbundock/Rdatasets/master/csv/MASS/farms.csv
fgl,Measurements of Forensic Glass Fragments,https://raw.github.com/vincentarelbundock/Rdatasets/master/csv/MASS/fgl.csv
forbes,Forbes' Data on Boiling Points in the Alps,https://raw.github.com/vincentarelbundock/Rdatasets/master/csv/MASS/forbes.csv
galaxies,Velocities for 82 Galaxies,https://raw.github.com/vincentarelbundock/Rdatasets/master/csv/MASS/galaxies.csv
gehan,Remission Times of Leukaemia Patients,https://raw.github.com/vincentarelbundock/Rdatasets/master/csv/MASS/gehan.csv
genotype,Rat Genotype Data,https://raw.github.com/vincentarelbundock/Rdatasets/master/csv/MASS/genotype.csv
geyser,Old Faithful Geyser Data,https://raw.github.com/vincentarelbundock/Rdatasets/master/csv/MASS/geyser.csv
gilgais,Line Transect of Soil in Gilgai Territory,https://raw.github.com/vincentarelbundock/Rdatasets/master/csv/MASS/gilgais.csv
hills,Record Times in Scottish Hill Races,https://raw.github.com/vincentarelbundock/Rdatasets/master/csv/MASS/hills.csv
housing,Frequency Table from a Copenhagen Housing Conditions Survey,https://raw.github.com/vincentarelbundock/Rdatasets/master/csv/MASS/housing.csv
immer,Yields from a Barley Field Trial,https://raw.github.com/vincentarelbundock/Rdatasets/master/csv/MASS/immer.csv
leuk,Survival Times and White Blood Counts for Leukaemia Patients,https://raw.github.com/vincentarelbundock/Rdatasets/master/csv/MASS/leuk.csv
mammals,Brain and Body Weights for 62 Species of Land Mammals,https://raw.github.com/vincentarelbundock/Rdatasets/master/csv/MASS/mammals.csv
mcycle,Data from a Simulated Motorcycle Accident,https://raw.github.com/vincentarelbundock/Rdatasets/master/csv/MASS/mcycle.csv
menarche,Age of Menarche in Warsaw,https://raw.github.com/vincentarelbundock/Rdatasets/master/csv/MASS/menarche.csv
michelson,Michelson's Speed of Light Data,https://raw.github.com/vincentarelbundock/Rdatasets/master/csv/MASS/michelson.csv
minn38,Minnesota High School Graduates of 1938,https://raw.github.com/vincentarelbundock/Rdatasets/master/csv/MASS/minn38.csv
motors,Accelerated Life Testing of Motorettes,https://raw.github.com/vincentarelbundock/Rdatasets/master/csv/MASS/motors.csv
muscle,Effect of Calcium Chloride on Muscle Contraction in Rat Hearts,https://raw.github.com/vincentarelbundock/Rdatasets/master/csv/MASS/muscle.csv
newcomb,Newcomb's Measurements of the Passage Time of Light,https://raw.github.com/vincentarelbundock/Rdatasets/master/csv/MASS/newcomb.csv
nlschools,Eighth-Grade Pupils in the Netherlands,https://raw.github.com/vincentarelbundock/Rdatasets/master/csv/MASS/nlschools.csv
npk,"Classical N, P, K Factorial Experiment",https://raw.github.com/vincentarelbundock/Rdatasets/master/csv/MASS/npk.csv
npr1,US Naval Petroleum Reserve No. 1 data,https://raw.github.com/vincentarelbundock/Rdatasets/master/csv/MASS/npr1.csv
oats,Data from an Oats Field Trial,https://raw.github.com/vincentarelbundock/Rdatasets/master/csv/MASS/oats.csv
painters,The Painter's Data of de Piles,https://raw.github.com/vincentarelbundock/Rdatasets/master/csv/MASS/painters.csv
petrol,N. L. Prater's Petrol Refinery Data,https://raw.github.com/vincentarelbundock/Rdatasets/master/csv/MASS/petrol.csv
quine,Absenteeism from School in Rural New South Wales,https://raw.github.com/vincentarelbundock/Rdatasets/master/csv/MASS/quine.csv
road,Road Accident Deaths in US States,https://raw.github.com/vincentarelbundock/Rdatasets/master/csv/MASS/road.csv
rotifer,Numbers of Rotifers by Fluid Density,https://raw.github.com/vincentarelbundock/Rdatasets/master/csv/MASS/rotifer.csv
ships,Ships Damage Data,https://raw.github.com/vincentarelbundock/Rdatasets/master/csv/MASS/ships.csv
shrimp,Percentage of Shrimp in Shrimp Cocktail,https://raw.github.com/vincentarelbundock/Rdatasets/master/csv/MASS/shrimp.csv
shuttle,Space Shuttle Autolander Problem,https://raw.github.com/vincentarelbundock/Rdatasets/master/csv/MASS/shuttle.csv
snails,Snail Mortality Data,https://raw.github.com/vincentarelbundock/Rdatasets/master/csv/MASS/snails.csv
steam,The Saturated Steam Pressure Data,https://raw.github.com/vincentarelbundock/Rdatasets/master/csv/MASS/steam.csv
stormer,The Stormer Viscometer Data,https://raw.github.com/vincentarelbundock/Rdatasets/master/csv/MASS/stormer.csv
survey,Student Survey Data,https://raw.github.com/vincentarelbundock/Rdatasets/master/csv/MASS/survey.csv
synth.te,Synthetic Classification Problem,https://raw.github.com/vincentarelbundock/Rdatasets/master/csv/MASS/synth.te.csv
synth.tr,Synthetic Classification Problem,https://raw.github.com/vincentarelbundock/Rdatasets/master/csv/MASS/synth.tr.csv
topo,Spatial Topographic Data,https://raw.github.com/vincentarelbundock/Rdatasets/master/csv/MASS/topo.csv
waders,Counts of Waders at 15 Sites in South Africa,https://raw.github.com/vincentarelbundock/Rdatasets/master/csv/MASS/waders.csv
whiteside,House Insulation: Whiteside's Data,https://raw.github.com/vincentarelbundock/Rdatasets/master/csv/MASS/whiteside.csv
wtloss,Weight Loss Data from an Obese Patient,https://raw.github.com/vincentarelbundock/Rdatasets/master/csv/MASS/wtloss.csv
Cigar,Cigarette Consumption,https://raw.github.com/vincentarelbundock/Rdatasets/master/csv/plm/Cigar.csv
Crime,Crime in North Carolina,https://raw.github.com/vincentarelbundock/Rdatasets/master/csv/plm/Crime.csv
EmplUK,Employment and Wages in the United Kingdom,https://raw.github.com/vincentarelbundock/Rdatasets/master/csv/plm/EmplUK.csv
Gasoline,Gasoline Consumption,https://raw.github.com/vincentarelbundock/Rdatasets/master/csv/plm/Gasoline.csv
Grunfeld,Grunfeld's Investment Data,https://raw.github.com/vincentarelbundock/Rdatasets/master/csv/plm/Grunfeld.csv
Hedonic,Hedonic Prices of Census Tracts in the Boston Area,https://raw.github.com/vincentarelbundock/Rdatasets/master/csv/plm/Hedonic.csv
LaborSupply,Wages and Hours Worked,https://raw.github.com/vincentarelbundock/Rdatasets/master/csv/plm/LaborSupply.csv
Males,Wages and Education of Young Males,https://raw.github.com/vincentarelbundock/Rdatasets/master/csv/plm/Males.csv
Produc,US States Production,https://raw.github.com/vincentarelbundock/Rdatasets/master/csv/plm/Produc.csv
Snmesp,Employment and Wages in Spain,https://raw.github.com/vincentarelbundock/Rdatasets/master/csv/plm/Snmesp.csv
SumHes,"The Penn World Table, v. 5",https://raw.github.com/vincentarelbundock/Rdatasets/master/csv/plm/SumHes.csv
Wages,Panel Data of Individual Wages,https://raw.github.com/vincentarelbundock/Rdatasets/master/csv/plm/Wages.csv
baseball,Yearly batting records for all major league baseball players,https://raw.github.com/vincentarelbundock/Rdatasets/master/csv/plyr/baseball.csv
AustralianElectionPolling,"Political opinion polls in Australia, 2004-07",https://raw.github.com/vincentarelbundock/Rdatasets/master/csv/pscl/AustralianElectionPolling.csv
AustralianElections,"elections to Australian House of Representatives, 1949-2007",https://raw.github.com/vincentarelbundock/Rdatasets/master/csv/pscl/AustralianElections.csv
EfronMorris,"Batting Averages for 18 major league baseball players, 1970",https://raw.github.com/vincentarelbundock/Rdatasets/master/csv/pscl/EfronMorris.csv
RockTheVote,"Voter turnout experiment, using Rock The Vote ads",https://raw.github.com/vincentarelbundock/Rdatasets/master/csv/pscl/RockTheVote.csv
UKHouseOfCommons,1992 United Kingdom electoral returns,https://raw.github.com/vincentarelbundock/Rdatasets/master/csv/pscl/UKHouseOfCommons.csv
absentee,Absentee and Machine Ballots in Pennsylvania State Senate Races,https://raw.github.com/vincentarelbundock/Rdatasets/master/csv/pscl/absentee.csv
admit,Applications to a Political Science PhD Program,https://raw.github.com/vincentarelbundock/Rdatasets/master/csv/pscl/admit.csv
bioChemists,article production by graduate students in biochemistry Ph.D. programs,https://raw.github.com/vincentarelbundock/Rdatasets/master/csv/pscl/bioChemists.csv
ca2006,California Congressional Districts in 2006,https://raw.github.com/vincentarelbundock/Rdatasets/master/csv/pscl/ca2006.csv
iraqVote,"U.S. Senate vote on the use of force against Iraq, 2002.",https://raw.github.com/vincentarelbundock/Rdatasets/master/csv/pscl/iraqVote.csv
politicalInformation,Interviewer ratings of respondent levels of political information,https://raw.github.com/vincentarelbundock/Rdatasets/master/csv/pscl/politicalInformation.csv
presidentialElections,"elections for U.S. President, 1932-2012, by state",https://raw.github.com/vincentarelbundock/Rdatasets/master/csv/pscl/presidentialElections.csv
prussian,Prussian army horse kick data,https://raw.github.com/vincentarelbundock/Rdatasets/master/csv/pscl/prussian.csv
unionDensity,cross national rates of trade union density,https://raw.github.com/vincentarelbundock/Rdatasets/master/csv/pscl/unionDensity.csv
vote92,Reports of voting in the 1992 U.S. Presidential election.,https://raw.github.com/vincentarelbundock/Rdatasets/master/csv/pscl/vote92.csv
french_fries,Sensory data from a french fries experiment.,https://raw.github.com/vincentarelbundock/Rdatasets/master/csv/reshape2/french_fries.csv
smiths,Demo data describing the Smiths.,https://raw.github.com/vincentarelbundock/Rdatasets/master/csv/reshape2/smiths.csv
tips,Tipping data,https://raw.github.com/vincentarelbundock/Rdatasets/master/csv/reshape2/tips.csv
car.test.frame,Automobile Data from 'Consumer Reports' 1990,https://raw.github.com/vincentarelbundock/Rdatasets/master/csv/rpart/car.test.frame.csv
car90,Automobile Data from 'Consumer Reports' 1990,https://raw.github.com/vincentarelbundock/Rdatasets/master/csv/rpart/car90.csv
cu.summary,Automobile Data from 'Consumer Reports' 1990,https://raw.github.com/vincentarelbundock/Rdatasets/master/csv/rpart/cu.summary.csv
kyphosis,Data on Children who have had Corrective Spinal Surgery,https://raw.github.com/vincentarelbundock/Rdatasets/master/csv/rpart/kyphosis.csv
solder,Soldering of Components on Printed-Circuit Boards,https://raw.github.com/vincentarelbundock/Rdatasets/master/csv/rpart/solder.csv
stagec,Stage C Prostate Cancer,https://raw.github.com/vincentarelbundock/Rdatasets/master/csv/rpart/stagec.csv
PublicSchools,US Expenditures for Public Schools,https://raw.github.com/vincentarelbundock/Rdatasets/master/csv/sandwich/PublicSchools.csv
Bollen,Bollen's Data on Industrialization and Political Democracy,https://raw.github.com/vincentarelbundock/Rdatasets/master/csv/sem/Bollen.csv
CNES,Variables from the 1997 Canadian National Election Study,https://raw.github.com/vincentarelbundock/Rdatasets/master/csv/sem/CNES.csv
Klein,Klein's Data on the U. S. Economy,https://raw.github.com/vincentarelbundock/Rdatasets/master/csv/sem/Klein.csv
Kmenta,Partly Artificial Data on the U. S. Economy,https://raw.github.com/vincentarelbundock/Rdatasets/master/csv/sem/Kmenta.csv
Tests,Six Mental Tests,https://raw.github.com/vincentarelbundock/Rdatasets/master/csv/sem/Tests.csv
bladder,Bladder Cancer Recurrences,https://raw.github.com/vincentarelbundock/Rdatasets/master/csv/survival/bladder.csv
cancer,NCCTG Lung Cancer Data,https://raw.github.com/vincentarelbundock/Rdatasets/master/csv/survival/cancer.csv
cgd,Chronic Granulotomous Disease data,https://raw.github.com/vincentarelbundock/Rdatasets/master/csv/survival/cgd.csv
colon,Chemotherapy for Stage B/C colon cancer,https://raw.github.com/vincentarelbundock/Rdatasets/master/csv/survival/colon.csv
flchain,Assay of serum free light chain for 7874 subjects.,https://raw.github.com/vincentarelbundock/Rdatasets/master/csv/survival/flchain.csv
heart,Stanford Heart Transplant data,https://raw.github.com/vincentarelbundock/Rdatasets/master/csv/survival/heart.csv
kidney,Kidney catheter data,https://raw.github.com/vincentarelbundock/Rdatasets/master/csv/survival/kidney.csv
leukemia,Acute Myelogenous Leukemia survival data,https://raw.github.com/vincentarelbundock/Rdatasets/master/csv/survival/leukemia.csv
logan,Data from the 1972-78 GSS data used by Logan,https://raw.github.com/vincentarelbundock/Rdatasets/master/csv/survival/logan.csv
lung,NCCTG Lung Cancer Data,https://raw.github.com/vincentarelbundock/Rdatasets/master/csv/survival/lung.csv
mgus,Monoclonal gammapothy data,https://raw.github.com/vincentarelbundock/Rdatasets/master/csv/survival/mgus.csv
nwtco,Data from the National Wilm's Tumor Study,https://raw.github.com/vincentarelbundock/Rdatasets/master/csv/survival/nwtco.csv
ovarian,Ovarian Cancer Survival Data,https://raw.github.com/vincentarelbundock/Rdatasets/master/csv/survival/ovarian.csv
pbc,Mayo Clinic Primary Biliary Cirrhosis Data,https://raw.github.com/vincentarelbundock/Rdatasets/master/csv/survival/pbc.csv
rats,Rat treatment data from Mantel et al,https://raw.github.com/vincentarelbundock/Rdatasets/master/csv/survival/rats.csv
stanford2,More Stanford Heart Transplant data,https://raw.github.com/vincentarelbundock/Rdatasets/master/csv/survival/stanford2.csv
tobin,Tobin's Tobit data,https://raw.github.com/vincentarelbundock/Rdatasets/master/csv/survival/tobin.csv
veteran,Veterans' Administration Lung Cancer study,https://raw.github.com/vincentarelbundock/Rdatasets/master/csv/survival/veteran.csv
Arthritis,Arthritis Treatment Data,https://raw.github.com/vincentarelbundock/Rdatasets/master/csv/vcd/Arthritis.csv
Baseball,Baseball Data,https://raw.github.com/vincentarelbundock/Rdatasets/master/csv/vcd/Baseball.csv
BrokenMarriage,Broken Marriage Data,https://raw.github.com/vincentarelbundock/Rdatasets/master/csv/vcd/BrokenMarriage.csv
Bundesliga,Ergebnisse der Fussball-Bundesliga,https://raw.github.com/vincentarelbundock/Rdatasets/master/csv/vcd/Bundesliga.csv
Bundestag2005,Votes in German Bundestag Election 2005,https://raw.github.com/vincentarelbundock/Rdatasets/master/csv/vcd/Bundestag2005.csv
Butterfly,Butterfly Species in Malaya,https://raw.github.com/vincentarelbundock/Rdatasets/master/csv/vcd/Butterfly.csv
CoalMiners,Breathlessness and Wheeze in Coal Miners,https://raw.github.com/vincentarelbundock/Rdatasets/master/csv/vcd/CoalMiners.csv
DanishWelfare,Danish Welfare Study Data,https://raw.github.com/vincentarelbundock/Rdatasets/master/csv/vcd/DanishWelfare.csv
Employment,Employment Status,https://raw.github.com/vincentarelbundock/Rdatasets/master/csv/vcd/Employment.csv
Federalist,'May' in Federalist Papers,https://raw.github.com/vincentarelbundock/Rdatasets/master/csv/vcd/Federalist.csv
Hitters,Hitters Data,https://raw.github.com/vincentarelbundock/Rdatasets/master/csv/vcd/Hitters.csv
HorseKicks,Death by Horse Kicks,https://raw.github.com/vincentarelbundock/Rdatasets/master/csv/vcd/HorseKicks.csv
Hospital,Hospital data,https://raw.github.com/vincentarelbundock/Rdatasets/master/csv/vcd/Hospital.csv
JobSatisfaction,Job Satisfaction Data,https://raw.github.com/vincentarelbundock/Rdatasets/master/csv/vcd/JobSatisfaction.csv
JointSports,Opinions About Joint Sports,https://raw.github.com/vincentarelbundock/Rdatasets/master/csv/vcd/JointSports.csv
Lifeboats,Lifeboats on the Titanic,https://raw.github.com/vincentarelbundock/Rdatasets/master/csv/vcd/Lifeboats.csv
NonResponse,Non-Response Survey Data,https://raw.github.com/vincentarelbundock/Rdatasets/master/csv/vcd/NonResponse.csv
OvaryCancer,Ovary Cancer Data,https://raw.github.com/vincentarelbundock/Rdatasets/master/csv/vcd/OvaryCancer.csv
PreSex,Pre-marital Sex and Divorce,https://raw.github.com/vincentarelbundock/Rdatasets/master/csv/vcd/PreSex.csv
Punishment,Corporal Punishment Data,https://raw.github.com/vincentarelbundock/Rdatasets/master/csv/vcd/Punishment.csv
RepVict,Repeat Victimization Data,https://raw.github.com/vincentarelbundock/Rdatasets/master/csv/vcd/RepVict.csv
Saxony,Families in Saxony,https://raw.github.com/vincentarelbundock/Rdatasets/master/csv/vcd/Saxony.csv
SexualFun,Sex is Fun,https://raw.github.com/vincentarelbundock/Rdatasets/master/csv/vcd/SexualFun.csv
SpaceShuttle,Space Shuttle O-ring Failures,https://raw.github.com/vincentarelbundock/Rdatasets/master/csv/vcd/SpaceShuttle.csv
Suicide,Suicide Rates in Germany,https://raw.github.com/vincentarelbundock/Rdatasets/master/csv/vcd/Suicide.csv
Trucks,Truck Accidents Data,https://raw.github.com/vincentarelbundock/Rdatasets/master/csv/vcd/Trucks.csv
UKSoccer,UK Soccer Scores,https://raw.github.com/vincentarelbundock/Rdatasets/master/csv/vcd/UKSoccer.csv
VisualAcuity,Visual Acuity in Left and Right Eyes,https://raw.github.com/vincentarelbundock/Rdatasets/master/csv/vcd/VisualAcuity.csv
VonBort,Von Bortkiewicz Horse Kicks Data,https://raw.github.com/vincentarelbundock/Rdatasets/master/csv/vcd/VonBort.csv
WeldonDice,Weldon's Dice Data,https://raw.github.com/vincentarelbundock/Rdatasets/master/csv/vcd/WeldonDice.csv
WomenQueue,Women in Queues,https://raw.github.com/vincentarelbundock/Rdatasets/master/csv/vcd/WomenQueue.csv
MatchIt.url,Table of links for Zelig,https://raw.github.com/vincentarelbundock/Rdatasets/master/csv/Zelig/MatchIt.url.csv
PErisk,Political Economic Risk Data from 62 Countries in 1987,https://raw.github.com/vincentarelbundock/Rdatasets/master/csv/Zelig/PErisk.csv
SupremeCourt,U.S. Supreme Court Vote Matrix,https://raw.github.com/vincentarelbundock/Rdatasets/master/csv/Zelig/SupremeCourt.csv
Weimar,1932 Weimar election data,https://raw.github.com/vincentarelbundock/Rdatasets/master/csv/Zelig/Weimar.csv
Zelig.url,Table of links for Zelig,https://raw.github.com/vincentarelbundock/Rdatasets/master/csv/Zelig/Zelig.url.csv
approval,U.S. Presidential Approval Data,https://raw.github.com/vincentarelbundock/Rdatasets/master/csv/Zelig/approval.csv
bivariate,Sample data for bivariate probit regression,https://raw.github.com/vincentarelbundock/Rdatasets/master/csv/Zelig/bivariate.csv
coalition,Coalition Dissolution in Parliamentary Democracies,https://raw.github.com/vincentarelbundock/Rdatasets/master/csv/Zelig/coalition.csv
coalition2,"Coalition Dissolution in Parliamentary Democracies, Modified Version",https://raw.github.com/vincentarelbundock/Rdatasets/master/csv/Zelig/coalition2.csv
eidat,Simulation Data for Ecological Inference,https://raw.github.com/vincentarelbundock/Rdatasets/master/csv/Zelig/eidat.csv
free1,Freedom of Speech Data,https://raw.github.com/vincentarelbundock/Rdatasets/master/csv/Zelig/free1.csv
free2,Freedom of Speech Data,https://raw.github.com/vincentarelbundock/Rdatasets/master/csv/Zelig/free2.csv
friendship,Simulated Example of Schoolchildren Friendship Network,https://raw.github.com/vincentarelbundock/Rdatasets/master/csv/Zelig/friendship.csv
grunfeld,Simulation Data for model Seemingly Unrelated Regression (sur) that corresponds to method SUR of systemfit,https://raw.github.com/vincentarelbundock/Rdatasets/master/csv/Zelig/grunfeld.csv
hoff,Social Security Expenditure Data,https://raw.github.com/vincentarelbundock/Rdatasets/master/csv/Zelig/hoff.csv
homerun,Sample Data on Home Runs Hit By Mark McGwire and Sammy Sosa in 1998.,https://raw.github.com/vincentarelbundock/Rdatasets/master/csv/Zelig/homerun.csv
immi1,Individual Preferences Over Immigration Policy,https://raw.github.com/vincentarelbundock/Rdatasets/master/csv/Zelig/immi1.csv
immi2,Individual Preferences Over Immigration Policy,https://raw.github.com/vincentarelbundock/Rdatasets/master/csv/Zelig/immi2.csv
immi3,Individual Preferences Over Immigration Policy,https://raw.github.com/vincentarelbundock/Rdatasets/master/csv/Zelig/immi3.csv
immi4,Individual Preferences Over Immigration Policy,https://raw.github.com/vincentarelbundock/Rdatasets/master/csv/Zelig/immi4.csv
immi5,Individual Preferences Over Immigration Policy,https://raw.github.com/vincentarelbundock/Rdatasets/master/csv/Zelig/immi5.csv
immigration,Individual Preferences Over Immigration Policy,https://raw.github.com/vincentarelbundock/Rdatasets/master/csv/Zelig/immigration.csv
klein,Simulation Data for model Two-Stage Least Square (twosls) that corresponds to method 2SLS of systemfit,https://raw.github.com/vincentarelbundock/Rdatasets/master/csv/Zelig/klein.csv
kmenta,Simulation Data for model Three-Stage Least Square (threesls) that corresponds to method 3SLS of systemfit,https://raw.github.com/vincentarelbundock/Rdatasets/master/csv/Zelig/kmenta.csv
macro,Macroeconomic Data,https://raw.github.com/vincentarelbundock/Rdatasets/master/csv/Zelig/macro.csv
mexico,Voting Data from the 1988 Mexican Presidental Election,https://raw.github.com/vincentarelbundock/Rdatasets/master/csv/Zelig/mexico.csv
mid,Militarized Interstate Disputes,https://raw.github.com/vincentarelbundock/Rdatasets/master/csv/Zelig/mid.csv
newpainters,The Discretized Painter's Data of de Piles,https://raw.github.com/vincentarelbundock/Rdatasets/master/csv/Zelig/newpainters.csv
sanction,Multilateral Economic Sanctions,https://raw.github.com/vincentarelbundock/Rdatasets/master/csv/Zelig/sanction.csv
sna.ex,Simulated Example of Social Network Data,https://raw.github.com/vincentarelbundock/Rdatasets/master/csv/Zelig/sna.ex.csv
swiss,Swiss Fertility and Socioeconomic Indicators (1888) Data,https://raw.github.com/vincentarelbundock/Rdatasets/master/csv/Zelig/swiss.csv
tobin,Tobin's Tobit Data,https://raw.github.com/vincentarelbundock/Rdatasets/master/csv/Zelig/tobin.csv
turnout,Turnout Data Set from the National Election Survey,https://raw.github.com/vincentarelbundock/Rdatasets/master/csv/Zelig/turnout.csv
voteincome,Sample Turnout and Demographic Data from the 2000 Current Population Survey,https://raw.github.com/vincentarelbundock/Rdatasets/master/csv/Zelig/voteincome.csv
BCG,BCG Vaccine Data,https://raw.github.com/vincentarelbundock/Rdatasets/master/csv/HSAUR/BCG.csv
BtheB,Beat the Blues Data,https://raw.github.com/vincentarelbundock/Rdatasets/master/csv/HSAUR/BtheB.csv
CYGOB1,CYG OB1 Star Cluster Data,https://raw.github.com/vincentarelbundock/Rdatasets/master/csv/HSAUR/CYGOB1.csv
Forbes2000,The Forbes 2000 Ranking of the World's Biggest Companies (Year 2004),https://raw.github.com/vincentarelbundock/Rdatasets/master/csv/HSAUR/Forbes2000.csv
GHQ,General Health Questionnaire,https://raw.github.com/vincentarelbundock/Rdatasets/master/csv/HSAUR/GHQ.csv
Lanza,Prevention of Gastointestinal Damages,https://raw.github.com/vincentarelbundock/Rdatasets/master/csv/HSAUR/Lanza.csv
agefat,Total Body Composision Data,https://raw.github.com/vincentarelbundock/Rdatasets/master/csv/HSAUR/agefat.csv
aspirin,Aspirin Data,https://raw.github.com/vincentarelbundock/Rdatasets/master/csv/HSAUR/aspirin.csv
birthdeathrates,Birth and Death Rates Data,https://raw.github.com/vincentarelbundock/Rdatasets/master/csv/HSAUR/birthdeathrates.csv
bladdercancer,Bladder Cancer Data,https://raw.github.com/vincentarelbundock/Rdatasets/master/csv/HSAUR/bladdercancer.csv
clouds,Cloud Seeding Data,https://raw.github.com/vincentarelbundock/Rdatasets/master/csv/HSAUR/clouds.csv
epilepsy,Epilepsy Data,https://raw.github.com/vincentarelbundock/Rdatasets/master/csv/HSAUR/epilepsy.csv
foster,Foster Feeding Experiment,https://raw.github.com/vincentarelbundock/Rdatasets/master/csv/HSAUR/foster.csv
heptathlon,Olympic Heptathlon Seoul 1988,https://raw.github.com/vincentarelbundock/Rdatasets/master/csv/HSAUR/heptathlon.csv
mastectomy,Survival Times after Mastectomy of Breast Cancer Patients,https://raw.github.com/vincentarelbundock/Rdatasets/master/csv/HSAUR/mastectomy.csv
meteo,Meteorological Measurements for 11 Years,https://raw.github.com/vincentarelbundock/Rdatasets/master/csv/HSAUR/meteo.csv
orallesions,Oral Lesions in Rural India,https://raw.github.com/vincentarelbundock/Rdatasets/master/csv/HSAUR/orallesions.csv
phosphate,Phosphate Level Data,https://raw.github.com/vincentarelbundock/Rdatasets/master/csv/HSAUR/phosphate.csv
pistonrings,Piston Rings Failures,https://raw.github.com/vincentarelbundock/Rdatasets/master/csv/HSAUR/pistonrings.csv
planets,Exoplanets Data,https://raw.github.com/vincentarelbundock/Rdatasets/master/csv/HSAUR/planets.csv
plasma,Blood Screening Data,https://raw.github.com/vincentarelbundock/Rdatasets/master/csv/HSAUR/plasma.csv
polyps,Familial Andenomatous Polyposis,https://raw.github.com/vincentarelbundock/Rdatasets/master/csv/HSAUR/polyps.csv
polyps3,Familial Andenomatous Polyposis,https://raw.github.com/vincentarelbundock/Rdatasets/master/csv/HSAUR/polyps3.csv
pottery,Romano-British Pottery Data,https://raw.github.com/vincentarelbundock/Rdatasets/master/csv/HSAUR/pottery.csv
rearrests,Rearrests of Juvenile Felons,https://raw.github.com/vincentarelbundock/Rdatasets/master/csv/HSAUR/rearrests.csv
respiratory,Respiratory Illness Data,https://raw.github.com/vincentarelbundock/Rdatasets/master/csv/HSAUR/respiratory.csv
roomwidth,Students Estimates of Lecture Room Width,https://raw.github.com/vincentarelbundock/Rdatasets/master/csv/HSAUR/roomwidth.csv
schizophrenia,Age of Onset of Schizophrenia Data,https://raw.github.com/vincentarelbundock/Rdatasets/master/csv/HSAUR/schizophrenia.csv
schizophrenia2,Schizophrenia Data,https://raw.github.com/vincentarelbundock/Rdatasets/master/csv/HSAUR/schizophrenia2.csv
schooldays,Days not Spent at School,https://raw.github.com/vincentarelbundock/Rdatasets/master/csv/HSAUR/schooldays.csv
skulls,Egyptian Skulls,https://raw.github.com/vincentarelbundock/Rdatasets/master/csv/HSAUR/skulls.csv
smoking,Nicotine Gum and Smoking Cessation,https://raw.github.com/vincentarelbundock/Rdatasets/master/csv/HSAUR/smoking.csv
students,Student Risk Taking,https://raw.github.com/vincentarelbundock/Rdatasets/master/csv/HSAUR/students.csv
suicides,Crowd Baiting Behaviour and Suicides,https://raw.github.com/vincentarelbundock/Rdatasets/master/csv/HSAUR/suicides.csv
toothpaste,Toothpaste Data,https://raw.github.com/vincentarelbundock/Rdatasets/master/csv/HSAUR/toothpaste.csv
voting,House of Representatives Voting Data,https://raw.github.com/vincentarelbundock/Rdatasets/master/csv/HSAUR/voting.csv
water,Mortality and Water Hardness,https://raw.github.com/vincentarelbundock/Rdatasets/master/csv/HSAUR/water.csv
watervoles,Water Voles Data,https://raw.github.com/vincentarelbundock/Rdatasets/master/csv/HSAUR/watervoles.csv
waves,Electricity from Wave Power at Sea,https://raw.github.com/vincentarelbundock/Rdatasets/master/csv/HSAUR/waves.csv
weightgain,Gain in Weight of Rats,https://raw.github.com/vincentarelbundock/Rdatasets/master/csv/HSAUR/weightgain.csv
womensrole,Womens Role in Society,https://raw.github.com/vincentarelbundock/Rdatasets/master/csv/HSAUR/womensrole.csv
Bechtoldt,Seven data sets showing a bifactor solution.,https://raw.github.com/vincentarelbundock/Rdatasets/master/csv/psych/Bechtoldt.csv
Bechtoldt.1,Seven data sets showing a bifactor solution.,https://raw.github.com/vincentarelbundock/Rdatasets/master/csv/psych/Bechtoldt.1.csv
Bechtoldt.2,Seven data sets showing a bifactor solution.,https://raw.github.com/vincentarelbundock/Rdatasets/master/csv/psych/Bechtoldt.2.csv
Dwyer,8 cognitive variables used by Dwyer for an example.,https://raw.github.com/vincentarelbundock/Rdatasets/master/csv/psych/Dwyer.csv
Gleser,"Example data from Gleser, Cronbach and Rajaratnam (1965) to show basic principles of generalizability theory.",https://raw.github.com/vincentarelbundock/Rdatasets/master/csv/psych/Gleser.csv
Gorsuch,Example data set from Gorsuch (1997) for an example factor extension.,https://raw.github.com/vincentarelbundock/Rdatasets/master/csv/psych/Gorsuch.csv
Harman.5,5 socio-economic variables from Harman (1967),https://raw.github.com/vincentarelbundock/Rdatasets/master/csv/psych/Harman.5.csv
Harman.8,"Correlations of eight physical variables (from Harman, 1966)",https://raw.github.com/vincentarelbundock/Rdatasets/master/csv/psych/Harman.8.csv
Harman.political,Eight political variables used by Harman (1967) as example 8.17,https://raw.github.com/vincentarelbundock/Rdatasets/master/csv/psych/Harman.political.csv
Holzinger,Seven data sets showing a bifactor solution.,https://raw.github.com/vincentarelbundock/Rdatasets/master/csv/psych/Holzinger.csv
Holzinger.9,Seven data sets showing a bifactor solution.,https://raw.github.com/vincentarelbundock/Rdatasets/master/csv/psych/Holzinger.9.csv
Reise,Seven data sets showing a bifactor solution.,https://raw.github.com/vincentarelbundock/Rdatasets/master/csv/psych/Reise.csv
Schmid,12 variables created by Schmid and Leiman to show the Schmid-Leiman Transformation,https://raw.github.com/vincentarelbundock/Rdatasets/master/csv/psych/Schmid.csv
Thurstone,Seven data sets showing a bifactor solution.,https://raw.github.com/vincentarelbundock/Rdatasets/master/csv/psych/Thurstone.csv
Thurstone.33,Seven data sets showing a bifactor solution.,https://raw.github.com/vincentarelbundock/Rdatasets/master/csv/psych/Thurstone.33.csv
Tucker,9 Cognitive variables discussed by Tucker and Lewis (1973),https://raw.github.com/vincentarelbundock/Rdatasets/master/csv/psych/Tucker.csv
ability,16 ability items scored as correct or incorrect.,https://raw.github.com/vincentarelbundock/Rdatasets/master/csv/psych/ability.csv
affect,Two data sets of affect and arousal scores as a function of personality and movie conditions,https://raw.github.com/vincentarelbundock/Rdatasets/master/csv/psych/affect.csv
bfi,25 Personality items representing 5 factors,https://raw.github.com/vincentarelbundock/Rdatasets/master/csv/psych/bfi.csv
bfi.dictionary,25 Personality items representing 5 factors,https://raw.github.com/vincentarelbundock/Rdatasets/master/csv/psych/bfi.dictionary.csv
blot,Bond's Logical Operations Test - BLOT,https://raw.github.com/vincentarelbundock/Rdatasets/master/csv/psych/blot.csv
burt,11 emotional variables from Burt (1915),https://raw.github.com/vincentarelbundock/Rdatasets/master/csv/psych/burt.csv
cities,Distances between 11 US cities,https://raw.github.com/vincentarelbundock/Rdatasets/master/csv/psych/cities.csv
cubits,Galton's example of the relationship between height and 'cubit' or forearm length,https://raw.github.com/vincentarelbundock/Rdatasets/master/csv/psych/cubits.csv
cushny,"A data set from Cushny and Peebles (1905) on the effect of three drugs on hours of sleep, used by Student (1908)",https://raw.github.com/vincentarelbundock/Rdatasets/master/csv/psych/cushny.csv
epi,Eysenck Personality Inventory (EPI) data for 3570 participants,https://raw.github.com/vincentarelbundock/Rdatasets/master/csv/psych/epi.csv
epi.bfi,13 personality scales from the Eysenck Personality Inventory and Big 5 inventory,https://raw.github.com/vincentarelbundock/Rdatasets/master/csv/psych/epi.bfi.csv
epi.dictionary,Eysenck Personality Inventory (EPI) data for 3570 participants,https://raw.github.com/vincentarelbundock/Rdatasets/master/csv/psych/epi.dictionary.csv
galton,Galton's Mid parent child height data,https://raw.github.com/vincentarelbundock/Rdatasets/master/csv/psych/galton.csv
heights,A data.frame of the Galton (1888) height and cubit data set.,https://raw.github.com/vincentarelbundock/Rdatasets/master/csv/psych/heights.csv
income,US family income from US census 2008,https://raw.github.com/vincentarelbundock/Rdatasets/master/csv/psych/income.csv
iqitems,16 multiple choice IQ items,https://raw.github.com/vincentarelbundock/Rdatasets/master/csv/psych/iqitems.csv
msq,75 mood items from the Motivational State Questionnaire for 3896 participants,https://raw.github.com/vincentarelbundock/Rdatasets/master/csv/psych/msq.csv
neo,NEO correlation matrix from the NEO_PI_R manual,https://raw.github.com/vincentarelbundock/Rdatasets/master/csv/psych/neo.csv
peas,Galton's Peas,https://raw.github.com/vincentarelbundock/Rdatasets/master/csv/psych/peas.csv
sat.act,"3 Measures of ability: SATV, SATQ, ACT",https://raw.github.com/vincentarelbundock/Rdatasets/master/csv/psych/sat.act.csv
withinBetween,An example of the distinction between within group and between group correlations,https://raw.github.com/vincentarelbundock/Rdatasets/master/csv/psych/withinBetween.csv
Bosco,Boscovich Data,https://raw.github.com/vincentarelbundock/Rdatasets/master/csv/quantreg/Bosco.csv
CobarOre,Cobar Ore data,https://raw.github.com/vincentarelbundock/Rdatasets/master/csv/quantreg/CobarOre.csv
Mammals,Garland(1983) Data on Running Speed of Mammals,https://raw.github.com/vincentarelbundock/Rdatasets/master/csv/quantreg/Mammals.csv
barro,Barro Data,https://raw.github.com/vincentarelbundock/Rdatasets/master/csv/quantreg/barro.csv
engel,Engel Data,https://raw.github.com/vincentarelbundock/Rdatasets/master/csv/quantreg/engel.csv
uis,UIS Drug Treatment study data,https://raw.github.com/vincentarelbundock/Rdatasets/master/csv/quantreg/uis.csv
dietox,Growth curves of pigs in a 3x3 factorial experiment,https://raw.github.com/vincentarelbundock/Rdatasets/master/csv/geepack/dietox.csv
koch,Ordinal Data from Koch,https://raw.github.com/vincentarelbundock/Rdatasets/master/csv/geepack/koch.csv
ohio,Ohio Children Wheeze Status,https://raw.github.com/vincentarelbundock/Rdatasets/master/csv/geepack/ohio.csv
respdis,Clustered Ordinal Respiratory Disorder,https://raw.github.com/vincentarelbundock/Rdatasets/master/csv/geepack/respdis.csv
respiratory,Data from a clinical trial comparing two treatments for a respiratory illness,https://raw.github.com/vincentarelbundock/Rdatasets/master/csv/geepack/respiratory.csv
seizure,Epiliptic Seizures,https://raw.github.com/vincentarelbundock/Rdatasets/master/csv/geepack/seizure.csv
sitka89,Growth of Sitka Spruce Trees,https://raw.github.com/vincentarelbundock/Rdatasets/master/csv/geepack/sitka89.csv
spruce,Log-size of 79 Sitka spruce trees,https://raw.github.com/vincentarelbundock/Rdatasets/master/csv/geepack/spruce.csv
liver,Liver related laboratory data,https://raw.github.com/vincentarelbundock/Rdatasets/master/csv/texmex/liver.csv
portpirie,"Rain, wavesurge and portpirie datasets.",https://raw.github.com/vincentarelbundock/Rdatasets/master/csv/texmex/portpirie.csv
rain,"Rain, wavesurge and portpirie datasets.",https://raw.github.com/vincentarelbundock/Rdatasets/master/csv/texmex/rain.csv
summer,"Air pollution data, separately for summer and winter months",https://raw.github.com/vincentarelbundock/Rdatasets/master/csv/texmex/summer.csv
wavesurge,"Rain, wavesurge and portpirie datasets.",https://raw.github.com/vincentarelbundock/Rdatasets/master/csv/texmex/wavesurge.csv
winter,"Air pollution data, separately for summer and winter months",https://raw.github.com/vincentarelbundock/Rdatasets/master/csv/texmex/winter.csv
arthritis,Rheumatoid Arthritis Clinical Trial,https://raw.github.com/vincentarelbundock/Rdatasets/master/csv/multgee/arthritis.csv
housing,Homeless Data,https://raw.github.com/vincentarelbundock/Rdatasets/master/csv/multgee/housing.csv
bmw,Daily Log Returns on BMW Share Price,https://raw.github.com/vincentarelbundock/Rdatasets/master/csv/evir/bmw.csv
danish,Danish Fire Insurance Claims,https://raw.github.com/vincentarelbundock/Rdatasets/master/csv/evir/danish.csv
nidd.annual,The River Nidd Data,https://raw.github.com/vincentarelbundock/Rdatasets/master/csv/evir/nidd.annual.csv
nidd.thresh,The River Nidd Data,https://raw.github.com/vincentarelbundock/Rdatasets/master/csv/evir/nidd.thresh.csv
siemens,Daily Log Returns on Siemens Share Price,https://raw.github.com/vincentarelbundock/Rdatasets/master/csv/evir/siemens.csv
sp.raw,SP Data to June 1993,https://raw.github.com/vincentarelbundock/Rdatasets/master/csv/evir/sp.raw.csv
spto87,SP Return Data to October 1987,https://raw.github.com/vincentarelbundock/Rdatasets/master/csv/evir/spto87.csv
Dyestuff,Yield of dyestuff by batch,https://raw.github.com/vincentarelbundock/Rdatasets/master/csv/lme4/Dyestuff.csv
Dyestuff2,Yield of dyestuff by batch,https://raw.github.com/vincentarelbundock/Rdatasets/master/csv/lme4/Dyestuff2.csv
InstEval,University Lecture/Instructor Evaluations by Students at ETH,https://raw.github.com/vincentarelbundock/Rdatasets/master/csv/lme4/InstEval.csv
Pastes,Paste strength by batch and cask,https://raw.github.com/vincentarelbundock/Rdatasets/master/csv/lme4/Pastes.csv
Penicillin,Variation in penicillin testing,https://raw.github.com/vincentarelbundock/Rdatasets/master/csv/lme4/Penicillin.csv
VerbAgg,Verbal Aggression item responses,https://raw.github.com/vincentarelbundock/Rdatasets/master/csv/lme4/VerbAgg.csv
cake,Breakage Angle of Chocolate Cakes,https://raw.github.com/vincentarelbundock/Rdatasets/master/csv/lme4/cake.csv
cbpp,Contagious bovine pleuropneumonia,https://raw.github.com/vincentarelbundock/Rdatasets/master/csv/lme4/cbpp.csv
grouseticks,Data on red grouse ticks from Elston et al. 2001,https://raw.github.com/vincentarelbundock/Rdatasets/master/csv/lme4/grouseticks.csv
sleepstudy,Reaction times in a sleep deprivation study,https://raw.github.com/vincentarelbundock/Rdatasets/master/csv/lme4/sleepstudy.csv
